family_id,node_id,l2_key,vw,aas,a_sem_pct,a_ctx,s_max_p,fi,n_fi,crs,ppr,ad,n_peers,d_dfi,material_upgrade,nearest_staples,identical,identical_staples,label,label_group,data_error,archetype_id,lens,m2_label,title,price,url,brand,house_brand,brand_on_staples,colour_family,material_class,style_family,dfi,colours_observed,st_family_id,st_title,st_price,st_url,st_colour_family,st_material_class,st_style_family,st_dfi
A_614bccf93c1e,"Bags, Backpacks & Luggage > Backpacks & Laptop Bags > Backpacks","Bags, Backpacks & Luggage > Backpacks & Laptop Bags",0.0,100.0,1.0,1.0,0.73569655418396,1.0,4,84.14179992675781,1.6222799610263074,1.0,15,0.13486005089058525,False,S_c5a2c602f98e,False,,STYLE-EXTENSION,Approve,False,"Bags, Backpacks & Luggage > Backpacks & Laptop Bags > Backpacks :: L1 :: pack_type=school/kids · audience=kids · vibe=plain · gap__use_context__outdoor=no",1,ATTR-TRADE-UP,"Daylite Jr. Kids' Commuter Backpack, White OS",49.95,https://www.amazon.com/dp/B0FGXY5HSF,,False,False,white,,,0.14037319762510603,white,S_c5a2c602f98e,"Bioworld Minecraft Kids 5-Piece Backpack Set, Large, Multicolor (B1Y7UR9MNCSB00)",30.79,https://www.staples.com/bioworld-minecraft-kids-5-piece-backpack-set-large-multicolored-b1y7ur9mncsb00/product_24622092,green,polyester,,0.00551314673452078
A_d0a494caddc9,"Bags, Backpacks & Luggage > Backpacks & Laptop Bags > Backpacks","Bags, Backpacks & Luggage > Backpacks & Laptop Bags",1.0,90.30444964871195,1.0,0.7576112412177987,0.73569655418396,1.0,4,84.14179992675781,,1.0,15,0.011874469889737064,False,S_c5a2c602f98e,False,,STYLE-EXTENSION,Approve,False,"Bags, Backpacks & Luggage > Backpacks & Laptop Bags > Backpacks :: L1 :: pack_type=school/kids · audience=general · vibe=plain · gap__use_context__outdoor=no",1,ATTR-SUBSTITUTE,"Paude Black Backpack,School Backpack for Teens Adults Laptop Bookbag for High School College Students Back Pack for Work",,https://www.amazon.com/dp/B0FS1VHT2Q,,False,False,black,,,0.017387616624257845,,S_c5a2c602f98e,"Bioworld Minecraft Kids 5-Piece Backpack Set, Large, Multicolor (B1Y7UR9MNCSB00)",30.79,https://www.staples.com/bioworld-minecraft-kids-5-piece-backpack-set-large-multicolored-b1y7ur9mncsb00/product_24622092,green,polyester,,0.00551314673452078
A_178b1a0fe4d1,"Bags, Backpacks & Luggage > Backpacks & Laptop Bags > Backpacks","Bags, Backpacks & Luggage > Backpacks & Laptop Bags",1.0,84.5243708019996,0.9841688654353562,0.6368559718969555,0.735698401927948,1.0,4,84.14190673828125,,1.0,15,-0.08778625954198473,False,S_8381f28c2b62,False,,STYLE-EXTENSION,Approve,False,"Bags, Backpacks & Luggage > Backpacks & Laptop Bags > Backpacks :: long tail",0,ATTR-SUBSTITUTE,"Paude Laptop Backpack,School Backpack Large Bookbag for High School College Students,Black Backpack for Men Office Business,Waterproof",,https://www.amazon.com/dp/B0DR8SW922,,False,False,black,,,0.0033927056827820186,,S_8381f28c2b62,"Accessory Innovations Kids 5-Piece Super Mario Brother Movie Backpack Set, Medium (B26ND67217A-ST)",30.49,https://www.staples.com/accessory-innovations-kids-5-piece-super-mario-brother-movie-backpack-set-medium-b26nd67217a-st/product_24676723,multi/pattern,polyester,,0.09117896522476675
A_31ba4d3317e4,"Bags, Backpacks & Luggage > Backpacks & Laptop Bags > Backpacks","Bags, Backpacks & Luggage > Backpacks & Laptop Bags",0.45669183253260126,83.63466042154568,1.0,0.5908665105386417,0.7356974482536316,1.0,5,84.14185333251953,,1.0,15,0.16581849024597112,False,S_220ea8e32e02,False,,STYLE-EXTENSION,Approve,False,"Bags, Backpacks & Luggage > Backpacks & Laptop Bags > Backpacks :: long tail",0,ATTR-STYLE-EXT,LOVEVOOK Laptop Backpack for Women Teacher with Tumbler Holder,,https://www.amazon.com/dp/B0GWCJX78X,LOVEVOOK,False,False,,,,0.43256997455470736,,S_220ea8e32e02,"Jessica Simpson Floral Laptop Compatible Backpack, Medium, Blue (4385STA)",29.99,https://www.staples.com/jessica-simpson-floral-laptop-backpack-medium-blue-4385sta/product_24674309,blue,clear/vinyl,,0.26675148430873624
A_7f4dfb9ba2a9,"Bags, Backpacks & Luggage > Backpacks & Laptop Bags > Backpacks","Bags, Backpacks & Luggage > Backpacks & Laptop Bags",1.0,83.39578454332552,1.0,0.5848946135831382,0.7356969118118286,1.0,4,84.14181518554688,1.3334444814938313,1.0,15,0.016115351993214587,False,S_c5a2c602f98e,False,,STYLE-EXTENSION,Approve,False,"Bags, Backpacks & Luggage > Backpacks & Laptop Bags > Backpacks :: L1 :: pack_type=school/kids · audience=other · vibe=plain · gap__use_context__outdoor=no",1,ATTR-SUBSTITUTE,Acmebon Girl Roomy Fashion Laptop Backpack Casual Daily Backpack for Women Black,39.99,https://www.amazon.com/dp/B07BK55KYG,,False,False,black,,,0.021628498727735368,,S_c5a2c602f98e,"Bioworld Minecraft Kids 5-Piece Backpack Set, Large, Multicolor (B1Y7UR9MNCSB00)",30.79,https://www.staples.com/bioworld-minecraft-kids-5-piece-backpack-set-large-multicolored-b1y7ur9mncsb00/product_24622092,green,polyester,,0.00551314673452078
A_a11f4485991d,"Bags, Backpacks & Luggage > Totes & Handbags > Lunch Bags & Boxes","Bags, Backpacks & Luggage > Totes & Handbags",1.0,100.0,1.0,1.0,0.6773331165313721,0.8,5,72.6399917602539,1.1327109036345449,1.0,15,0.1067869008068344,True,S_691c6e0b4478,False,,STYLE-EXTENSION,Approve,False,"Bags, Backpacks & Luggage > Totes & Handbags > Lunch Bags & Boxes :: L1 :: lunch_type=bento box · insulated=no · leakproof=yes · gap__use_context__travel/commute=yes",1,NO-TWIN,"Blockhütte Stainless Steel Lunch Box I 27oz I with free sealing I Bento Box 3 Compartments, Leak-Proof Food Containers, Metal Lunchbox for Travel & Work, Eco-Friendly Meal Storage Solution",33.97,https://www.amazon.com/dp/B07XY7ZRMH,,False,False,,stainless steel,,0.8998576174655909,,S_691c6e0b4478,"bentgo Kids Bento Box, 5-Compartment, Puppy Love, 19.2 oz. (BGKDPT-PPY)",29.99,https://www.staples.com/bentgo-kids-bento-box-5-compartment-puppy-love-19-2-oz-bgkdpt-ppy/product_24637126,multi/pattern,plastic,,0.7930707166587565
A_a11f4485991d,"Bags, Backpacks & Luggage > Totes & Handbags > Lunch Bags & Boxes","Bags, Backpacks & Luggage > Totes & Handbags",1.0,100.0,1.0,1.0,0.6773331165313721,0.8,5,72.6399917602539,1.1327109036345449,1.0,15,0.1067869008068344,True,S_691c6e0b4478,False,,STYLE-EXTENSION,Approve,False,"Bags, Backpacks & Luggage > Totes & Handbags > Lunch Bags & Boxes :: L2 :: lunch_type=bento box · leakproof=yes · dishwasher_safe=no · gap__use_context__outdoor=no",2,NO-TWIN,"Blockhütte Stainless Steel Lunch Box I 27oz I with free sealing I Bento Box 3 Compartments, Leak-Proof Food Containers, Metal Lunchbox for Travel & Work, Eco-Friendly Meal Storage Solution",33.97,https://www.amazon.com/dp/B07XY7ZRMH,,False,False,,stainless steel,,0.8998576174655909,,S_691c6e0b4478,"bentgo Kids Bento Box, 5-Compartment, Puppy Love, 19.2 oz. (BGKDPT-PPY)",29.99,https://www.staples.com/bentgo-kids-bento-box-5-compartment-puppy-love-19-2-oz-bgkdpt-ppy/product_24637126,multi/pattern,plastic,,0.7930707166587565
A_a11f4485991d,"Bags, Backpacks & Luggage > Totes & Handbags > Lunch Bags & Boxes","Bags, Backpacks & Luggage > Totes & Handbags",1.0,100.0,1.0,1.0,0.6773331165313721,0.8,5,72.6399917602539,1.1327109036345449,1.0,15,0.1067869008068344,True,S_691c6e0b4478,False,,STYLE-EXTENSION,Approve,False,"Bags, Backpacks & Luggage > Totes & Handbags > Lunch Bags & Boxes :: L3 :: lunch_type=bento box · dishwasher_safe=no · vibe=plain · gap__use_context__travel/commute=yes",3,NO-TWIN,"Blockhütte Stainless Steel Lunch Box I 27oz I with free sealing I Bento Box 3 Compartments, Leak-Proof Food Containers, Metal Lunchbox for Travel & Work, Eco-Friendly Meal Storage Solution",33.97,https://www.amazon.com/dp/B07XY7ZRMH,,False,False,,stainless steel,,0.8998576174655909,,S_691c6e0b4478,"bentgo Kids Bento Box, 5-Compartment, Puppy Love, 19.2 oz. (BGKDPT-PPY)",29.99,https://www.staples.com/bentgo-kids-bento-box-5-compartment-puppy-love-19-2-oz-bgkdpt-ppy/product_24637126,multi/pattern,plastic,,0.7930707166587565
A_943bf8e75345,"Bags, Backpacks & Luggage > Totes & Handbags > Lunch Bags & Boxes","Bags, Backpacks & Luggage > Totes & Handbags",1.0,100.0,1.0,1.0,0.6773331165313721,0.8,5,72.6399917602539,0.8666222074024675,1.0,15,-0.02183198860939728,True,S_691c6e0b4478,False,,STYLE-EXTENSION,Approve,False,"Bags, Backpacks & Luggage > Totes & Handbags > Lunch Bags & Boxes :: L1 :: lunch_type=bento box · insulated=no · leakproof=yes · gap__use_context__travel/commute=no",1,NO-TWIN,"GOLDEN KEY 47QZ Stainless Steel Bento Box with 5 Compartments,1400ml Large & Thickened Metal Lunch Box for Kids or Adults,Eco-friendly Leak-Proof Container with Lockable Clips",25.99,https://www.amazon.com/dp/B0DP9N87TP,GOLDEN,False,False,,stainless steel,,0.7712387280493592,,S_691c6e0b4478,"bentgo Kids Bento Box, 5-Compartment, Puppy Love, 19.2 oz. (BGKDPT-PPY)",29.99,https://www.staples.com/bentgo-kids-bento-box-5-compartment-puppy-love-19-2-oz-bgkdpt-ppy/product_24637126,multi/pattern,plastic,,0.7930707166587565
A_943bf8e75345,"Bags, Backpacks & Luggage > Totes & Handbags > Lunch Bags & Boxes","Bags, Backpacks & Luggage > Totes & Handbags",1.0,100.0,1.0,1.0,0.6773331165313721,0.8,5,72.6399917602539,0.8666222074024675,1.0,15,-0.02183198860939728,True,S_691c6e0b4478,False,,STYLE-EXTENSION,Approve,False,"Bags, Backpacks & Luggage > Totes & Handbags > Lunch Bags & Boxes :: L2 :: lunch_type=bento box · leakproof=yes · dishwasher_safe=no · gap__use_context__outdoor=no",2,NO-TWIN,"GOLDEN KEY 47QZ Stainless Steel Bento Box with 5 Compartments,1400ml Large & Thickened Metal Lunch Box for Kids or Adults,Eco-friendly Leak-Proof Container with Lockable Clips",25.99,https://www.amazon.com/dp/B0DP9N87TP,GOLDEN,False,False,,stainless steel,,0.7712387280493592,,S_691c6e0b4478,"bentgo Kids Bento Box, 5-Compartment, Puppy Love, 19.2 oz. (BGKDPT-PPY)",29.99,https://www.staples.com/bentgo-kids-bento-box-5-compartment-puppy-love-19-2-oz-bgkdpt-ppy/product_24637126,multi/pattern,plastic,,0.7930707166587565
A_cdec4d43a1a6,"Coffee, Water & Snacks > Coffee, Coffee Makers & Supplies > Coffee Organizers & Dispensers","Coffee, Water & Snacks > Coffee, Coffee Makers & Supplies",1.0,45.2,0.42,0.5,0.58,1.0,2,74.8,1.232476224022543,1.0,5,0.6147672552166934,True,S_4f154a54ae87,False,,STYLE-EXTENSION,Approve,False,"Coffee, Water & Snacks > Coffee, Coffee Makers & Supplies > Coffee Organizers & Dispensers :: long tail",0,ATTR-STYLE-EXT,"TINAMO Wood Coffee Pod Storage Box, 30 Pod Capacity, Acacia Color, 2 drawer",34.99,https://www.amazon.com/dp/B0DN5PVNXT,TINAMO,False,False,brown/wood,wood/bamboo,,0.6966292134831461,brown/wood,S_4f154a54ae87,"Mind Reader Plastic Coffee Pod Organizer Drawer, 36 Pod Capacity, Black (TRY3PC-BLK)",27.19,https://www.staples.com/mind-reader-anchor-collection-tea-dispenser-and-coffee-pod-storage-drawer-36-pod-capacity-black-try3pc-blk/product_1427060,black,plastic,minimalist,0.08186195826645265
A_6267df60b5ce,"Coffee, Water & Snacks > Coffee, Coffee Makers & Supplies > Coffee Organizers & Dispensers","Coffee, Water & Snacks > Coffee, Coffee Makers & Supplies",1.0,41.90569867291178,0.42,0.41764246682279466,0.58,1.0,2,74.8,0.9260302923564635,1.0,5,0.36918138041733545,True,S_4f154a54ae87,False,,STYLE-EXTENSION,Approve,False,"Coffee, Water & Snacks > Coffee, Coffee Makers & Supplies > Coffee Organizers & Dispensers :: long tail",0,ATTR-STYLE-EXT,"1Pcs Acacia Wood Coffee Pod Holder, Coffee Pods Organizer Stand Holds 33 Coffee Pod Storage for Kitchen Home Office Bars Countertop Drawer",26.29,https://www.amazon.com/dp/B0H1W5DLJ9,,False,False,brown/wood,wood/bamboo,industrial,0.4510433386837881,,S_4f154a54ae87,"Mind Reader Plastic Coffee Pod Organizer Drawer, 36 Pod Capacity, Black (TRY3PC-BLK)",27.19,https://www.staples.com/mind-reader-anchor-collection-tea-dispenser-and-coffee-pod-storage-drawer-36-pod-capacity-black-try3pc-blk/product_1427060,black,plastic,minimalist,0.08186195826645265
A_8843eda76f12,"Coffee, Water & Snacks > Coffee, Coffee Makers & Supplies > Coffee Organizers & Dispensers","Coffee, Water & Snacks > Coffee, Coffee Makers & Supplies",1.0,37.61217798594848,0.42,0.3103044496487119,0.58,1.0,2,74.8,1.1972525537160972,1.0,5,0.3113964686998395,True,S_4f154a54ae87,False,,STYLE-EXTENSION,Approve,False,"Coffee, Water & Snacks > Coffee, Coffee Makers & Supplies > Coffee Organizers & Dispensers :: long tail",0,ATTR-STYLE-EXT,"Novabright Sliding Tray Coffee Maker Wood Coffee Pod Holder Drawer, 30 Pods",33.99,https://www.amazon.com/dp/B0GD7HJCM9,,False,False,brown/wood,wood/bamboo,,0.39325842696629215,,S_4f154a54ae87,"Mind Reader Plastic Coffee Pod Organizer Drawer, 36 Pod Capacity, Black (TRY3PC-BLK)",27.19,https://www.staples.com/mind-reader-anchor-collection-tea-dispenser-and-coffee-pod-storage-drawer-36-pod-capacity-black-try3pc-blk/product_1427060,black,plastic,minimalist,0.08186195826645265
A_f380bc53b2d0,"Coffee, Water & Snacks > Coffee, Coffee Makers & Supplies > Coffee Organizers & Dispensers","Coffee, Water & Snacks > Coffee, Coffee Makers & Supplies",1.0,45.7152224824356,0.42,0.5128805620608899,0.58,1.0,2,74.8,1.0563578724903133,0.8,5,0.10353130016051365,False,S_b27b4ddc0201,False,,STYLE-EXTENSION,Approve,False,"Coffee, Water & Snacks > Coffee, Coffee Makers & Supplies > Coffee Organizers & Dispensers :: long tail",0,ATTR-STYLE-EXT,"Coffee Station Organizer, 40 Pods Drawer with 9 Mug Hooks & Sidebar",29.99,https://www.amazon.com/dp/B0H33VNVZG,,False,False,brown/wood,metal/wire,industrial,0.3258426966292135,,S_b27b4ddc0201,"Mind Reader Metal Single Serve Coffee Pod Drawer, 36 Pod Capacity, Black (MTRAY-BLK)",37.79,https://www.staples.com/mind-reader-network-collection-single-serve-coffee-pod-drawer-36-coffee-pod-capacity-metal-mesh-black-mtray-blk/product_24337085,black,metal/wire,minimalist,0.22231139646869985
A_6d815733a1c4,"Coffee, Water & Snacks > Coffee, Coffee Makers & Supplies > Coffee Organizers & Dispensers","Coffee, Water & Snacks > Coffee, Coffee Makers & Supplies",1.0,45.2,0.42,0.5,0.58,1.0,2,74.8,1.219443466009158,0.75,5,0.46869983948635635,False,S_b27b4ddc0201,False,,STYLE-EXTENSION,Approve,False,"Coffee, Water & Snacks > Coffee, Coffee Makers & Supplies > Coffee Organizers & Dispensers :: long tail",0,ATTR-STYLE-EXT,"Restaurantware 40 Capsule Iron Coffee Pod Storage Drawer, 16 In, 1 Count",34.62,https://www.amazon.com/dp/B0CJ93JWGD,,False,False,brown/wood,metal/wire,,0.6910112359550562,,S_b27b4ddc0201,"Mind Reader Metal Single Serve Coffee Pod Drawer, 36 Pod Capacity, Black (MTRAY-BLK)",37.79,https://www.staples.com/mind-reader-network-collection-single-serve-coffee-pod-drawer-36-coffee-pod-capacity-metal-mesh-black-mtray-blk/product_24337085,black,metal/wire,minimalist,0.22231139646869985
A_4d8007a64aa0,"Coffee, Water & Snacks > Water & Beverages > Water Bottles, Tumblers & Travel Mugs","Coffee, Water & Snacks > Water & Beverages",0.7843645794738792,32.03488372093023,0.2005813953488372,0.5,0.6943225264549255,1.0,4,81.65935516357422,,1.0,10,0.6802973977695167,False,S_3148a014754c,False,,STYLE-EXTENSION,Approve,False,"Coffee, Water & Snacks > Water & Beverages > Water Bottles, Tumblers & Travel Mugs :: long tail",0,ATTR-STYLE-EXT,"smartwater vapor distilled premium water bottle, 23.7 fl oz",,https://www.amazon.com/dp/B000WG9JAE,,False,False,,,,0.8085501858736059,,S_3148a014754c,"Vapur EZ Lick Plastic Dog Water Bottle, 23 oz., Water (30147)",19.99,https://www.staples.com/vapur-ez-lick-portable-dog-water-bottle-blue-30147/product_24598068,blue,plastic/tritan,,0.12825278810408922
A_3d131c931e3a,"Coffee, Water & Snacks > Water & Beverages > Water Bottles, Tumblers & Travel Mugs","Coffee, Water & Snacks > Water & Beverages",0.0,80.0,1.0,0.5,0.694323718547821,1.0,5,81.659423828125,,0.5,15,0.005576208178438624,False,S_7ac570206bce,False,,STYLE-EXTENSION,Approve,False,"Coffee, Water & Snacks > Water & Beverages > Water Bottles, Tumblers & Travel Mugs :: L1 :: material_class=plastic/tritan · vessel_type=water bottle · handle=no · audience=general · gap__key_benefits__water-resistant=no",1,ATTR-STYLE-EXT,"LIFEWTR Premium Purified Water, pH Balanced with Electrolytes, 100% recycled plastic bottles, 23.7 Fl Oz Flip Cap Bottles, 700 mL (Pack of 12)",,https://www.amazon.com/dp/B01MQ3ZO6B,LIFEWTR,False,False,,plastic/tritan,,0.5539033457249071,,S_7ac570206bce,"Elemental Splash Pop Plastic Water Bottle, 18 oz., Stylish Cat (EMLETR18SC20P)",23.99,https://www.staples.com/elemental-splash-pop-plastic-water-bottle-18-oz-stylish-cat-emletr18sc20p/product_24660994,multi/pattern,plastic/tritan,,0.5483271375464684
A_3d131c931e3a,"Coffee, Water & Snacks > Water & Beverages > Water Bottles, Tumblers & Travel Mugs","Coffee, Water & Snacks > Water & Beverages",0.0,80.0,1.0,0.5,0.694323718547821,1.0,5,81.659423828125,,0.5,15,0.005576208178438624,False,S_7ac570206bce,False,,STYLE-EXTENSION,Approve,False,"Coffee, Water & Snacks > Water & Beverages > Water Bottles, Tumblers & Travel Mugs :: L2 :: material_class=plastic/tritan · vessel_type=water bottle · insulation=no · gap__use_context__outdoor=no · handle=no",2,ATTR-STYLE-EXT,"LIFEWTR Premium Purified Water, pH Balanced with Electrolytes, 100% recycled plastic bottles, 23.7 Fl Oz Flip Cap Bottles, 700 mL (Pack of 12)",,https://www.amazon.com/dp/B01MQ3ZO6B,LIFEWTR,False,False,,plastic/tritan,,0.5539033457249071,,S_7ac570206bce,"Elemental Splash Pop Plastic Water Bottle, 18 oz., Stylish Cat (EMLETR18SC20P)",23.99,https://www.staples.com/elemental-splash-pop-plastic-water-bottle-18-oz-stylish-cat-emletr18sc20p/product_24660994,multi/pattern,plastic/tritan,,0.5483271375464684
A_3d131c931e3a,"Coffee, Water & Snacks > Water & Beverages > Water Bottles, Tumblers & Travel Mugs","Coffee, Water & Snacks > Water & Beverages",0.0,80.0,1.0,0.5,0.694323718547821,1.0,5,81.659423828125,,0.5,15,0.005576208178438624,False,S_7ac570206bce,False,,STYLE-EXTENSION,Approve,False,"Coffee, Water & Snacks > Water & Beverages > Water Bottles, Tumblers & Travel Mugs :: L3 :: material_class=plastic/tritan · vessel_type=water bottle · gap__key_benefits__water-resistant=no · gap__use_context__gym/sports=no · handle=no",3,ATTR-STYLE-EXT,"LIFEWTR Premium Purified Water, pH Balanced with Electrolytes, 100% recycled plastic bottles, 23.7 Fl Oz Flip Cap Bottles, 700 mL (Pack of 12)",,https://www.amazon.com/dp/B01MQ3ZO6B,LIFEWTR,False,False,,plastic/tritan,,0.5539033457249071,,S_7ac570206bce,"Elemental Splash Pop Plastic Water Bottle, 18 oz., Stylish Cat (EMLETR18SC20P)",23.99,https://www.staples.com/elemental-splash-pop-plastic-water-bottle-18-oz-stylish-cat-emletr18sc20p/product_24660994,multi/pattern,plastic/tritan,,0.5483271375464684
A_92e13a024cc5,"Coffee, Water & Snacks > Water & Beverages > Water Bottles, Tumblers & Travel Mugs","Coffee, Water & Snacks > Water & Beverages",0.7843645794738792,41.57085670715103,0.2180232558139535,0.7122365339578454,0.6943225264549255,1.0,4,81.65935516357422,4.669181034482759,0.5,15,0.06505576208178437,False,S_65f09d3561f8,False,,STYLE-EXTENSION,Approve,False,"Coffee, Water & Snacks > Water & Beverages > Water Bottles, Tumblers & Travel Mugs :: L1 :: material_class=stainless steel · vessel_type=water bottle · handle=yes · audience=general · gap__key_benefits__water-resistant=yes",1,ATTR-TRADE-UP,"Mimorou 20 Pack Insulated Water Stainless Steel Bottles, Colorful, 20oz",129.99,https://www.amazon.com/dp/B0HDCFB8PQ,,False,False,,stainless steel,,0.29182156133828996,,S_65f09d3561f8,"Thermos Icon Stainless Steel Vacuum Insulated Water Bottle, 24 oz., Granite (EAIS2002GT4)",27.84,https://www.staples.com/thermos-icon-stainless-steel-vacuum-insulated-water-bottle-24-oz-granite-eais2002gt4/product_24631277,black,stainless steel,,0.22676579925650558
W_615cbc55cd24,Furniture > Chairs & Seating > Accent & Waiting Room Chairs,Furniture > Chairs & Seating,1.0,54.28369538883954,0.49137931034482757,0.620023419203747,0.7482649683952332,1.0,5,84.8958969116211,0.859994399775991,1.0,7,-0.26834788231490464,True,S_0b12ab9e6768,False,,STYLE-EXTENSION,Approve,False,Furniture > Chairs & Seating > Accent & Waiting Room Chairs :: L1 :: colour_tone=warm-neutral · form_factor=armchair · swivel=no · gap__use_context__residential living=yes,1,ATTR-UNDERCUT,"Multicolor Patterned Polyester Blend Armchair, Solid Birch Wood Frame With Brown Tapered Legs, Foam Padded Accent Chair With Trim Detail For Living Room Office",214.99,https://www.wayfair.com/furniture/pdp/george-oliver-multicolor-patterned-polyester-blend-armchair-solid-birch-wood-frame-with-brown-tapered-legs-foam-padded-accent-chair-with-trim-detail-for-living-room-office-w120106576.html,George Oliver,True,False,brown/wood,fabric,traditional,0.2518590365341093,,S_0b12ab9e6768,"Flash Furniture Plastic/Poly Accent Chair, White (FH132DPPWH)",122.99,https://www.staples.com/flash-furniture-plastic-poly-accent-chair-white-fh132dppwh/product_24256993,white,plastic,contemporary,0.5202069188490139
W_615cbc55cd24,Furniture > Chairs & Seating > Accent & Waiting Room Chairs,Furniture > Chairs & Seating,1.0,54.28369538883954,0.49137931034482757,0.620023419203747,0.7482649683952332,1.0,5,84.8958969116211,0.859994399775991,1.0,7,-0.26834788231490464,True,S_0b12ab9e6768,False,,STYLE-EXTENSION,Approve,False,Furniture > Chairs & Seating > Accent & Waiting Room Chairs :: L2 :: colour_tone=warm-neutral · form_factor=armchair · gap__use_context__residential living=yes · gap__aesthetic_tags__natural/woven=no,2,ATTR-UNDERCUT,"Multicolor Patterned Polyester Blend Armchair, Solid Birch Wood Frame With Brown Tapered Legs, Foam Padded Accent Chair With Trim Detail For Living Room Office",214.99,https://www.wayfair.com/furniture/pdp/george-oliver-multicolor-patterned-polyester-blend-armchair-solid-birch-wood-frame-with-brown-tapered-legs-foam-padded-accent-chair-with-trim-detail-for-living-room-office-w120106576.html,George Oliver,True,False,brown/wood,fabric,traditional,0.2518590365341093,,S_0b12ab9e6768,"Flash Furniture Plastic/Poly Accent Chair, White (FH132DPPWH)",122.99,https://www.staples.com/flash-furniture-plastic-poly-accent-chair-white-fh132dppwh/product_24256993,white,plastic,contemporary,0.5202069188490139
W_615cbc55cd24,Furniture > Chairs & Seating > Accent & Waiting Room Chairs,Furniture > Chairs & Seating,1.0,54.28369538883954,0.49137931034482757,0.620023419203747,0.7482649683952332,1.0,5,84.8958969116211,0.859994399775991,1.0,7,-0.26834788231490464,True,S_0b12ab9e6768,False,,STYLE-EXTENSION,Approve,False,Furniture > Chairs & Seating > Accent & Waiting Room Chairs :: L3 :: colour_tone=warm-neutral · form_factor=armchair · swivel=no · gap__aesthetic_tags__cozy/plush=no,3,ATTR-UNDERCUT,"Multicolor Patterned Polyester Blend Armchair, Solid Birch Wood Frame With Brown Tapered Legs, Foam Padded Accent Chair With Trim Detail For Living Room Office",214.99,https://www.wayfair.com/furniture/pdp/george-oliver-multicolor-patterned-polyester-blend-armchair-solid-birch-wood-frame-with-brown-tapered-legs-foam-padded-accent-chair-with-trim-detail-for-living-room-office-w120106576.html,George Oliver,True,False,brown/wood,fabric,traditional,0.2518590365341093,,S_0b12ab9e6768,"Flash Furniture Plastic/Poly Accent Chair, White (FH132DPPWH)",122.99,https://www.staples.com/flash-furniture-plastic-poly-accent-chair-white-fh132dppwh/product_24256993,white,plastic,contemporary,0.5202069188490139
W_8537732aba76,Furniture > Chairs & Seating > Accent & Waiting Room Chairs,Furniture > Chairs & Seating,1.0,52.93103448275862,0.21551724137931033,1.0,0.6926602125167847,1.0,2,81.55961608886719,2.136211914870891,1.0,8,0.0678952473326867,False,S_41cf271f0229,False,,STYLE-EXTENSION,Approve,False,Furniture > Chairs & Seating > Accent & Waiting Room Chairs :: long tail,0,ATTR-TRADE-UP,Glory Furniture Paige Chair,799.99,https://www.wayfair.com/furniture/pdp/rosdorf-park-glory-furniture-paige-chair-w116198170.html?piid=756736226,Rosdorf Park,True,False,beige/cream,,glam,0.09634658907209828,beige/cream,S_41cf271f0229,"Lesro Weston 2-Seat Bench, Chambray Grey/Riftwood Walnut (WS2001.WRW-01CHGY)",599.99,https://www.staples.com/lesro-weston-2-seat-bench-chambray-grey-riftwood-walnut-ws2001-wrw-01chgy/product_24693329,grey,vinyl,transitional,0.028451341739411575
W_891af0784016,Furniture > Chairs & Seating > Accent & Waiting Room Chairs,Furniture > Chairs & Seating,1.0,52.93103448275862,0.21551724137931033,1.0,0.6926602125167847,1.0,2,81.55961608886719,5.607599668883013,1.0,8,0.1096023278370514,False,S_41cf271f0229,False,,STYLE-EXTENSION,Approve,False,Furniture > Chairs & Seating > Accent & Waiting Room Chairs :: long tail,0,ATTR-TRADE-UP,Velencia Modern Style Chair,2099.99,https://www.wayfair.com/furniture/pdp/everly-quinn-velencia-modern-style-chair-w116197707.html?piid=1364699102,Everly Quinn,True,False,beige/cream,,modern,0.13805366957646298,beige/cream,S_41cf271f0229,"Lesro Weston 2-Seat Bench, Chambray Grey/Riftwood Walnut (WS2001.WRW-01CHGY)",599.99,https://www.staples.com/lesro-weston-2-seat-bench-chambray-grey-riftwood-walnut-ws2001-wrw-01chgy/product_24693329,grey,vinyl,transitional,0.028451341739411575
W_3766317483c9,Furniture > Cubicle & Panel Systems > Office Partitions & Dividers,Furniture > Cubicle & Panel Systems,0.0,89.6969696969697,0.8282828282828283,1.0,0.7367769479751587,0.75,4,74.20661926269531,1.9187338567671965,1.0,14,0.04462242562929064,False,S_5fd6a61c252a,False,,STYLE-EXTENSION,Approve,False,Furniture > Cubicle & Panel Systems > Office Partitions & Dividers :: long tail,0,ATTR-TRADE-UP,Office Partitions,4107.99,https://www.wayfair.com/commercial-office-furniture/pdp/versare-folding-room-divider-ucto1447.html?piid=86500537%2C86500549%2C90884967,Versare,False,True,,metal,contemporary,0.1853546910755149,,S_5fd6a61c252a,"Versare MediPanel Freestanding Portable Divider, 72""H x 72""W, Clear Polycarbonate (1866711)",1736.99,https://www.staples.com/versare-medipanel-freestanding-portable-divider-72-h-x-72-w-clear-polycarbonate-1866711/product_24531115,clear,metal,minimalist,0.14073226544622425
W_501ae97fb8bc,Furniture > Cubicle & Panel Systems > Office Partitions & Dividers,Furniture > Cubicle & Panel Systems,1.0,77.57575757575759,0.6262626262626263,1.0,0.6947057247161865,0.75,4,71.68234252929688,1.1745273336830342,1.0,3,0.07780320366132723,True,S_a3d44611a8c9,False,,STYLE-EXTENSION,Approve,False,Furniture > Cubicle & Panel Systems > Office Partitions & Dividers :: L1 :: colour_family=brown/wood · divider_type=freestanding partition · gap__aesthetic_tags__natural/woven=no · gap__use_context__residential living=no,1,ATTR-TRADE-UP,Teak Twin Divider,1029.99,https://www.wayfair.com/furniture/pdp/east-urban-home-teak-twin-divider-w118208489.html,East Urban Home,True,False,brown/wood,wood,farmhouse/rustic,0.2780320366132723,,S_a3d44611a8c9,"Luxor Grove Series Modular Wall Room Divider System, 70"" x 70"" (MW-7070-WAB)",731.09,https://www.staples.com/luxor-grove-series-modular-wall-room-divider-system-70-x-70-mw-7070-wab/product_24601606,brown/wood,fabric/acoustic,modern,0.20022883295194507
W_4821ab89a805,Furniture > Cubicle & Panel Systems > Office Partitions & Dividers,Furniture > Cubicle & Panel Systems,1.0,73.93939393939395,0.898989898989899,0.5,0.7423297762870789,0.75,4,74.539794921875,1.1020118606747868,1.0,15,0.24828375286041188,True,S_29d91745a446,False,,STYLE-EXTENSION,Approve,False,Furniture > Cubicle & Panel Systems > Office Partitions & Dividers :: long tail,0,ATTR-TRADE-UP,Verona 108'' W x 108'' H 5 - Panel Solid Wood Folding Room Divider,3067.99,https://www.wayfair.com/furniture/pdp/screen-gems-verona-108-x-108-verona-5-panel-room-divider-w004199644.html,Screen Gems,False,False,,wood,,0.6979405034324943,,S_29d91745a446,"Versare The Room Divider 360 Freestanding Folding Portable Partition, 72""H x 300""W, Opal Fluted Polycarbonate (1272906)",3734.99,https://www.staples.com/versare-the-room-divider-360-freestanding-folding-portable-partition-72-h-x-300-w-opal-fluted-polycarbonate-1272906/product_24556684,white,acrylic/plastic,minimalist,0.4496567505720824
W_e1eeeb98b951,Furniture > Cubicle & Panel Systems > Office Partitions & Dividers,Furniture > Cubicle & Panel Systems,0.2827394724664507,73.93939393939395,0.898989898989899,0.5,0.7535555958747864,1.0,5,85.21334075927734,0.9136444686776993,1.0,15,0.07208237986270022,False,S_d3f43c91c378,False,,STYLE-EXTENSION,Approve,False,Furniture > Cubicle & Panel Systems > Office Partitions & Dividers :: long tail,0,ATTR-STYLE-EXT,Rochers 60'' W x 63'' H 3 - Panel Folding Room Divider,619.99,https://www.wayfair.com/furniture/pdp/one-allium-way-rochers-3-panel-63-room-divider-w002652809.html,One Allium Way,False,False,,canvas/print,,0.5411899313501144,,S_d3f43c91c378,"Luxor Beechwood 3-Panel Room Divider, 70""H x 70""W, Beech Grain (PPWL014)",579.29,https://www.staples.com/luxor-beechwood-3-panel-room-divider-70-h-x-70-w-beech-grain-ppwl014/product_24631703,brown/wood,wood,minimalist,0.4691075514874142
W_d3338fa5edb5,Furniture > Cubicle & Panel Systems > Office Partitions & Dividers,Furniture > Cubicle & Panel Systems,0.2827394724664507,69.6969696969697,0.8282828282828283,0.5,0.734266996383667,0.75,4,74.05602264404297,1.2993337388034942,1.0,11,0.12242562929061786,True,S_3d5b0294ea73,False,,STYLE-EXTENSION,Approve,False,Furniture > Cubicle & Panel Systems > Office Partitions & Dividers :: long tail,0,ATTR-TRADE-UP,Kaytelyn,939.99,https://www.wayfair.com/furniture/pdp/orren-ellis-kaytelyn-w112156865.html?piid=203505669,Orren Ellis,True,False,,wood,traditional,0.2036613272311213,,S_3d5b0294ea73,"Luxor Grove Series Modular Wall Room Divider System, 48"" x 70"" (MW-7048-WB)",743.59,https://www.staples.com/luxor-grove-series-modular-wall-room-divider-system-48-x-70-mw-7048-wb/product_24601604,brown/wood,fabric/acoustic,modern,0.08123569794050343
W_63d02792f257,Furniture > Decor > Clocks & Timers,Furniture > Decor,0.0,84.48275862068965,0.7413793103448276,1.0,0.7917497158050537,1.0,4,87.5049819946289,1.5743424584004293,1.0,15,-0.05652173913043479,False,S_9d35f3f2b019,False,,STYLE-EXTENSION,Approve,False,Furniture > Decor > Clocks & Timers :: long tail,0,ATTR-TRADE-UP,"Silent Kids Wall Clock Non-Ticking Battery Operated Colorful Childrens Clock For Classroom Playroom Nursery Bedrooms Kids Room (3D Numbers, 12 Inch)",87.99,https://www.wayfair.com/decor-pillows/pdp/east-urban-home-silent-kids-wall-clock-non-ticking-battery-operated-colorful-childrens-clock-for-classroom-playroom-nursery-bedrooms-kids-room-3d-numbers-12-inch-w120054616.html,East Urban Home,True,False,,,,0.32463768115942027,,S_9d35f3f2b019,"ALBA Silent Wall Clock with Quartz Mechanism, Black, 15"" (HORISSIMON)",62.19,https://www.staples.com/alba-silent-wall-clock-with-quartz-mechanism-black-15-horissimon/product_24054792,black,plastic/resin,contemporary,0.38115942028985506
W_5ba79f4d43ea,Furniture > Decor > Clocks & Timers,Furniture > Decor,0.036871508379888285,61.03448275862069,0.3505747126436782,1.0,0.7516093254089355,1.0,5,85.09656524658203,0.9189904969621437,1.0,3,-0.6409420289855072,False,S_2a4d17e7bfdf,False,,STYLE-EXTENSION,Approve,False,Furniture > Decor > Clocks & Timers :: L2 :: colour_tone=light-neutral · clock_type=wall · silent=yes · gap__aesthetic_tags__statement=no,2,ATTR-UNDERCUT,24 Inch Roman Numerals Battery Operated Silent Wall Clock for Easy Time Reading and Quiet Operation in Living Rooms,58.99,https://www.wayfair.com/decor-pillows/pdp/east-urban-home-24-inch-roman-numerals-battery-operated-silent-wall-clock-for-easy-time-reading-and-quiet-operation-in-living-rooms-w119917825.html,East Urban Home,True,False,clear,,,0.2144927536231884,,S_2a4d17e7bfdf,"Monarch Specialties Inc. 30"" Quartz Wall Clock, Plastic Frame, Battery Powered (I 9037)",108.99,https://www.staples.com/monarch-specialties-inc-30-quartz-wall-clock-plastic-frame-battery-powered-i-9037/product_24741285,brown/wood,plastic/resin,contemporary,0.8554347826086957
W_e8bff6b9e210,Furniture > Decor > Clocks & Timers,Furniture > Decor,1.0,61.03448275862069,0.3505747126436782,1.0,0.7805402874946594,0.75,4,76.8324203491211,0.9631623689430434,1.0,4,-0.40724637681159426,False,S_fa0ce71660d5,False,,STYLE-EXTENSION,Approve,False,Furniture > Decor > Clocks & Timers :: long tail,0,NO-TWIN,MainStays Basic Wall/Table Digital Clock with Countdown Timer,33.99,https://www.wayfair.com/decor-pillows/pdp/latitude-run-mainstays-basic-walltable-digital-clock-with-countdown-timer-w117946035.html,Latitude Run,True,False,,,traditional,0.1431159420289855,,S_fa0ce71660d5,"La Crosse Technology Atomic Digital Clock with Temperature and Moon Phase, Aluminum finish (513-1417AL)",47.39,https://www.staples.com/la-crosse-technology-atomic-digital-clock-with-temperature-and-moon-phase-aluminum-finish-513-1417al/product_2589342,clear,plastic/resin,modern,0.5503623188405797
W_f58ef6daee30,Furniture > Decor > Clocks & Timers,Furniture > Decor,1.0,60.3448275862069,0.3390804597701149,1.0,0.788169801235199,1.0,4,87.29019165039062,2.1149228130360207,1.0,3,0.015217391304347825,False,S_588fa34b1a54,False,,STYLE-EXTENSION,Approve,False,Furniture > Decor > Clocks & Timers :: L2 :: colour_tone=metallic · clock_type=alarm · silent=no · gap__aesthetic_tags__statement=no,2,ATTR-TRADE-UP,Modern & Contemporary Quartz movement / Crystal Tabletop Clock in Brass with Alarm,36.99,https://www.wayfair.com/decor-pillows/pdp/red-barrel-studio-analog-metal-quartz-alarm-tabletop-clock-in-brass-w100022039.html,Red Barrel Studio,True,False,metallic,glass/mirror,contemporary,0.042028985507246375,,S_588fa34b1a54,Equity By La Crosse 33100 Electric Analog Alarm Clock,17.49,https://www.staples.com/Equity-By-La-Crosse-33100-Electric-Analog-Alarm-Clock/product_2396393,white,,,0.02681159420289855
W_f58ef6daee30,Furniture > Decor > Clocks & Timers,Furniture > Decor,1.0,60.3448275862069,0.3390804597701149,1.0,0.788169801235199,1.0,4,87.29019165039062,2.1149228130360207,1.0,3,0.015217391304347825,False,S_588fa34b1a54,False,,STYLE-EXTENSION,Approve,False,Furniture > Decor > Clocks & Timers :: L3 :: material_class=glass/mirror · clock_type=alarm · silent=no · gap__aesthetic_tags__sleek/minimal=no,3,ATTR-TRADE-UP,Modern & Contemporary Quartz movement / Crystal Tabletop Clock in Brass with Alarm,36.99,https://www.wayfair.com/decor-pillows/pdp/red-barrel-studio-analog-metal-quartz-alarm-tabletop-clock-in-brass-w100022039.html,Red Barrel Studio,True,False,metallic,glass/mirror,contemporary,0.042028985507246375,,S_588fa34b1a54,Equity By La Crosse 33100 Electric Analog Alarm Clock,17.49,https://www.staples.com/Equity-By-La-Crosse-33100-Electric-Analog-Alarm-Clock/product_2396393,white,,,0.02681159420289855
W_729b38a48b6c,Furniture > Desks > Office Desks,Furniture > Desks,1.0,58.14714832629823,0.5374251497005988,0.6475409836065573,0.7059271931648254,1.0,6,82.35562896728516,0.8873681695621011,1.0,15,0.1888793350530238,True,S_4a5c8431e10b,False,,STYLE-EXTENSION,Approve,False,Furniture > Desks > Office Desks :: L1 :: desk_type=computer · storage=yes · gap__use_context__home office=yes · gap__aesthetic_tags__luxe=no,1,ATTR-UNDERCUT,"Blue Mid-century Style Work Desk With - Top & Solid Rubber Wood Legs 4 Shelf For Productive Workspace Rounded 43.3""w X 24.5""d 36.8""h Modern Writing File Wood, Open Shelves,",259.99,https://www.wayfair.com/shop-product-type/pdp/george-oliver-blue-mid-century-style-work-desk-with-top-solid-rubber-wood-legs-4-shelf-for-productive-workspace-rounded-433w-x-245d-368h-modern-writing-file-wood-open-shelves-w123469126.html,George Oliver,True,False,blue,wood,mid-century,0.293493837775867,,S_4a5c8431e10b,"Eureka Ergonomic 47""W Computer Desk, Teak (CD009)",102.69,https://www.staples.com/eureka-ergonomic-47-w-computer-desk-teak-cd009/product_24549562,brown/wood,engineered wood,gaming,0.10461450272284323
W_729b38a48b6c,Furniture > Desks > Office Desks,Furniture > Desks,1.0,58.14714832629823,0.5374251497005988,0.6475409836065573,0.7059271931648254,1.0,6,82.35562896728516,0.8873681695621011,1.0,15,0.1888793350530238,True,S_4a5c8431e10b,False,,STYLE-EXTENSION,Approve,False,Furniture > Desks > Office Desks :: L2 :: desk_type=computer · drawers=no · gap__end_user_segment__remote workers=yes · gap__aesthetic_tags__sleek/minimal=no,2,ATTR-UNDERCUT,"Blue Mid-century Style Work Desk With - Top & Solid Rubber Wood Legs 4 Shelf For Productive Workspace Rounded 43.3""w X 24.5""d 36.8""h Modern Writing File Wood, Open Shelves,",259.99,https://www.wayfair.com/shop-product-type/pdp/george-oliver-blue-mid-century-style-work-desk-with-top-solid-rubber-wood-legs-4-shelf-for-productive-workspace-rounded-433w-x-245d-368h-modern-writing-file-wood-open-shelves-w123469126.html,George Oliver,True,False,blue,wood,mid-century,0.293493837775867,,S_4a5c8431e10b,"Eureka Ergonomic 47""W Computer Desk, Teak (CD009)",102.69,https://www.staples.com/eureka-ergonomic-47-w-computer-desk-teak-cd009/product_24549562,brown/wood,engineered wood,gaming,0.10461450272284323
W_729b38a48b6c,Furniture > Desks > Office Desks,Furniture > Desks,1.0,58.14714832629823,0.5374251497005988,0.6475409836065573,0.7059271931648254,1.0,6,82.35562896728516,0.8873681695621011,1.0,15,0.1888793350530238,True,S_4a5c8431e10b,False,,STYLE-EXTENSION,Approve,False,Furniture > Desks > Office Desks :: L3 :: desk_type=computer · shape=rectangular · drawers=no · gap__aesthetic_tags__luxe=no,3,ATTR-UNDERCUT,"Blue Mid-century Style Work Desk With - Top & Solid Rubber Wood Legs 4 Shelf For Productive Workspace Rounded 43.3""w X 24.5""d 36.8""h Modern Writing File Wood, Open Shelves,",259.99,https://www.wayfair.com/shop-product-type/pdp/george-oliver-blue-mid-century-style-work-desk-with-top-solid-rubber-wood-legs-4-shelf-for-productive-workspace-rounded-433w-x-245d-368h-modern-writing-file-wood-open-shelves-w123469126.html,George Oliver,True,False,blue,wood,mid-century,0.293493837775867,,S_4a5c8431e10b,"Eureka Ergonomic 47""W Computer Desk, Teak (CD009)",102.69,https://www.staples.com/eureka-ergonomic-47-w-computer-desk-teak-cd009/product_24549562,brown/wood,engineered wood,gaming,0.10461450272284323
W_f4b09c4066e9,Furniture > Desks > Office Desks,Furniture > Desks,1.0,51.097967998429375,0.5374251497005988,0.4713114754098361,0.7059271931648254,1.0,6,82.35562896728516,0.8873681695621011,1.0,15,0.42820292347377475,True,S_4a5c8431e10b,False,,STYLE-EXTENSION,Approve,False,Furniture > Desks > Office Desks :: L1 :: desk_type=computer · storage=yes · gap__use_context__home office=yes · gap__aesthetic_tags__luxe=no,1,ATTR-UNDERCUT,"Mid-century Modern Blue Desk With And Storage Capacity - & Solid Rubber Wood 4 Open Shelves For Area Stylish Rounded Legs 43.3""w X 24.5""d 36.8""h Display Organization",259.99,https://www.wayfair.com/shop-product-type/pdp/george-oliver-mid-century-modern-blue-desk-with-and-storage-capacity-solid-rubber-wood-4-open-shelves-for-area-stylish-rounded-legs-433w-x-245d-368h-display-organization-w123473677.html,George Oliver,True,False,blue,wood,mid-century,0.532817426196618,,S_4a5c8431e10b,"Eureka Ergonomic 47""W Computer Desk, Teak (CD009)",102.69,https://www.staples.com/eureka-ergonomic-47-w-computer-desk-teak-cd009/product_24549562,brown/wood,engineered wood,gaming,0.10461450272284323
W_f4b09c4066e9,Furniture > Desks > Office Desks,Furniture > Desks,1.0,51.097967998429375,0.5374251497005988,0.4713114754098361,0.7059271931648254,1.0,6,82.35562896728516,0.8873681695621011,1.0,15,0.42820292347377475,True,S_4a5c8431e10b,False,,STYLE-EXTENSION,Approve,False,Furniture > Desks > Office Desks :: L2 :: desk_type=computer · drawers=no · gap__end_user_segment__remote workers=yes · gap__aesthetic_tags__sleek/minimal=no,2,ATTR-UNDERCUT,"Mid-century Modern Blue Desk With And Storage Capacity - & Solid Rubber Wood 4 Open Shelves For Area Stylish Rounded Legs 43.3""w X 24.5""d 36.8""h Display Organization",259.99,https://www.wayfair.com/shop-product-type/pdp/george-oliver-mid-century-modern-blue-desk-with-and-storage-capacity-solid-rubber-wood-4-open-shelves-for-area-stylish-rounded-legs-433w-x-245d-368h-display-organization-w123473677.html,George Oliver,True,False,blue,wood,mid-century,0.532817426196618,,S_4a5c8431e10b,"Eureka Ergonomic 47""W Computer Desk, Teak (CD009)",102.69,https://www.staples.com/eureka-ergonomic-47-w-computer-desk-teak-cd009/product_24549562,brown/wood,engineered wood,gaming,0.10461450272284323
W_676c57938a88,Furniture > Lamps & Lighting > Desk Lamps,Furniture > Lamps & Lighting,0.5312594382361824,58.56976566938735,0.7751479289940828,0.3015222482435597,0.6906998753547668,0.8571428571428571,7,75.72771453857422,1.4660865419001072,1.0,5,0.3185185185185185,False,S_3b156be7b922,False,,STYLE-EXTENSION,Approve,False,Furniture > Lamps & Lighting > Desk Lamps :: L1 :: colour_family=other · lamp_form=shaded table-style · usb_port=no · gap__use_context__residential living=no,1,NO-TWIN,"Rechargeable Cordless LED Table Lamp With 6000Mah Battery, Waterproof, Touch Dimmable, Portable Desk Light For Indoor And Outdoor Use",122.99,https://www.wayfair.com/lighting/pdp/brayden-studio-rechargeable-cordless-led-table-lamp-with-6000mah-battery-waterproof-touch-dimmable-portable-desk-light-for-indoor-and-outdoor-use-w114001839.html?piid=596437697,Brayden Studio,True,False,blue,,modern,0.6169312169312169,blue,S_3b156be7b922,"OttLite Slimline LED Desk Lamp, 19"", Black (CS336G5C-SHPR)",52.29,https://www.staples.com/ottlite-slimline-led-desk-lamp-19-black-cs336g5c-shpr/product_24550788,black,,minimalist,0.2984126984126984
W_676c57938a88,Furniture > Lamps & Lighting > Desk Lamps,Furniture > Lamps & Lighting,0.5312594382361824,58.56976566938735,0.7751479289940828,0.3015222482435597,0.6906998753547668,0.8571428571428571,7,75.72771453857422,1.4660865419001072,1.0,5,0.3185185185185185,False,S_3b156be7b922,False,,STYLE-EXTENSION,Approve,False,Furniture > Lamps & Lighting > Desk Lamps :: L2 :: colour_tone=bold · lamp_form=shaded table-style · dimmable=yes · gap__aesthetic_tags__luxe=no,2,NO-TWIN,"Rechargeable Cordless LED Table Lamp With 6000Mah Battery, Waterproof, Touch Dimmable, Portable Desk Light For Indoor And Outdoor Use",122.99,https://www.wayfair.com/lighting/pdp/brayden-studio-rechargeable-cordless-led-table-lamp-with-6000mah-battery-waterproof-touch-dimmable-portable-desk-light-for-indoor-and-outdoor-use-w114001839.html?piid=596437697,Brayden Studio,True,False,blue,,modern,0.6169312169312169,blue,S_3b156be7b922,"OttLite Slimline LED Desk Lamp, 19"", Black (CS336G5C-SHPR)",52.29,https://www.staples.com/ottlite-slimline-led-desk-lamp-19-black-cs336g5c-shpr/product_24550788,black,,minimalist,0.2984126984126984
W_a1f8f4144202,Furniture > Lamps & Lighting > Desk Lamps,Furniture > Lamps & Lighting,1.0,48.5879190166706,0.39644970414201186,0.620023419203747,0.6720240712165833,0.8333333333333334,6,73.65478515625,1.227679103588032,1.0,5,0.42857142857142855,False,S_3b156be7b922,False,,STYLE-EXTENSION,Approve,False,Furniture > Lamps & Lighting > Desk Lamps :: L3 :: material_class=other · lamp_form=shaded table-style · usb_port=no · gap__aesthetic_tags__luxe=no · gap__use_context__residential living=yes,3,ATTR-STYLE-EXT,Alderfield Resin Desk Lamp,102.99,https://www.wayfair.com/lighting/pdp/alcott-hill-alderfield-resin-desk-lamp-w111066344.html,Alcott Hill,True,False,,plastic/resin,mid-century,0.726984126984127,,S_3b156be7b922,"OttLite Slimline LED Desk Lamp, 19"", Black (CS336G5C-SHPR)",52.29,https://www.staples.com/ottlite-slimline-led-desk-lamp-19-black-cs336g5c-shpr/product_24550788,black,,minimalist,0.2984126984126984
W_7115385eed61,Furniture > Lamps & Lighting > Desk Lamps,Furniture > Lamps & Lighting,1.0,48.5879190166706,0.39644970414201186,0.620023419203747,0.6720240712165833,0.8333333333333334,6,73.65478515625,0.9058290618667302,1.0,5,0.5629629629629629,False,S_3b156be7b922,False,,STYLE-EXTENSION,Approve,False,Furniture > Lamps & Lighting > Desk Lamps :: L3 :: material_class=other · lamp_form=shaded table-style · usb_port=no · gap__aesthetic_tags__luxe=no · gap__use_context__residential living=yes,3,ATTR-STYLE-EXT,Benthall Resin Desk Lamp,75.99,https://www.wayfair.com/lighting/pdp/winston-porter-benthall-desk-lamp-w111066340.html,Winston Porter,True,False,,plastic/resin,mid-century,0.8613756613756614,,S_3b156be7b922,"OttLite Slimline LED Desk Lamp, 19"", Black (CS336G5C-SHPR)",52.29,https://www.staples.com/ottlite-slimline-led-desk-lamp-19-black-cs336g5c-shpr/product_24550788,black,,minimalist,0.2984126984126984
W_4114a0d46695,Furniture > Lamps & Lighting > Desk Lamps,Furniture > Lamps & Lighting,1.0,48.5879190166706,0.39644970414201186,0.620023419203747,0.6720240712165833,0.8333333333333334,6,73.65478515625,1.1561568720944093,1.0,5,0.5629629629629629,False,S_3b156be7b922,False,,STYLE-EXTENSION,Approve,False,Furniture > Lamps & Lighting > Desk Lamps :: L3 :: material_class=other · lamp_form=shaded table-style · usb_port=no · gap__aesthetic_tags__luxe=no · gap__use_context__residential living=yes,3,ATTR-STYLE-EXT,Agathla Resin Desk Lamp,96.99,https://www.wayfair.com/lighting/pdp/alcott-hill-agathla-resin-desk-lamp-w111066333.html,Alcott Hill,True,False,,plastic/resin,mid-century,0.8613756613756614,,S_3b156be7b922,"OttLite Slimline LED Desk Lamp, 19"", Black (CS336G5C-SHPR)",52.29,https://www.staples.com/ottlite-slimline-led-desk-lamp-19-black-cs336g5c-shpr/product_24550788,black,,minimalist,0.2984126984126984
A_6a9a720ada6d,Office Supplies > Calendars & Planners > Planners & Personal Organizers,Office Supplies > Calendars & Planners,0.3073005093378608,90.30444964871195,1.0,0.7576112412177987,0.7940670251846313,1.0,4,87.6440200805664,0.8617553433378808,1.0,15,0.2856420626895855,False,S_6e975d9e9424,False,,STYLE-EXTENSION,Approve,False,Office Supplies > Calendars & Planners > Planners & Personal Organizers :: L1 :: planner_type=planner · design_theme=plain · audience=student · vibe=plain,1,ATTR-SUBSTITUTE,"Global Datebooks 2026-2027 Middle & High School Student Planner 8.5"" x 11"" - Dated Weekly & Monthly Academic Planner w/Ruler/Bookmark & Stickers, For Homework, Matrix Style, Rainbow Silhouette",18.95,https://www.amazon.com/dp/B0GN4KS2X2,,False,False,multi/pattern,,,0.7462082912032356,multi/pattern,S_6e975d9e9424,"2026-2027 Excello Brands 8.5"" x 11"" Academic Weekly & Monthly Teacher Planner, Paperboard Cover, Tree Seasons (TP-AY26-0020)",34.99,https://www.staples.com/2026-2027-excello-brands-8-5-x-11-academic-weekly-monthly-teacher-planner-paperboard-cover-tree-seasons-tp-ay26-0020/product_24683849,multi/pattern,hardcover,traditional,0.46056622851365014
A_6a9a720ada6d,Office Supplies > Calendars & Planners > Planners & Personal Organizers,Office Supplies > Calendars & Planners,0.3073005093378608,90.30444964871195,1.0,0.7576112412177987,0.7940670251846313,1.0,4,87.6440200805664,0.8617553433378808,1.0,15,0.2856420626895855,False,S_6e975d9e9424,False,,STYLE-EXTENSION,Approve,False,Office Supplies > Calendars & Planners > Planners & Personal Organizers :: L2 :: planner_type=planner · date_format=weekly & monthly · design_theme=plain · vibe=plain,2,ATTR-SUBSTITUTE,"Global Datebooks 2026-2027 Middle & High School Student Planner 8.5"" x 11"" - Dated Weekly & Monthly Academic Planner w/Ruler/Bookmark & Stickers, For Homework, Matrix Style, Rainbow Silhouette",18.95,https://www.amazon.com/dp/B0GN4KS2X2,,False,False,multi/pattern,,,0.7462082912032356,multi/pattern,S_6e975d9e9424,"2026-2027 Excello Brands 8.5"" x 11"" Academic Weekly & Monthly Teacher Planner, Paperboard Cover, Tree Seasons (TP-AY26-0020)",34.99,https://www.staples.com/2026-2027-excello-brands-8-5-x-11-academic-weekly-monthly-teacher-planner-paperboard-cover-tree-seasons-tp-ay26-0020/product_24683849,multi/pattern,hardcover,traditional,0.46056622851365014
A_6a9a720ada6d,Office Supplies > Calendars & Planners > Planners & Personal Organizers,Office Supplies > Calendars & Planners,0.3073005093378608,90.30444964871195,1.0,0.7576112412177987,0.7940670251846313,1.0,4,87.6440200805664,0.8617553433378808,1.0,15,0.2856420626895855,False,S_6e975d9e9424,False,,STYLE-EXTENSION,Approve,False,Office Supplies > Calendars & Planners > Planners & Personal Organizers :: L3 :: planner_type=planner · date_format=weekly & monthly · design_theme=plain · audience=student,3,ATTR-SUBSTITUTE,"Global Datebooks 2026-2027 Middle & High School Student Planner 8.5"" x 11"" - Dated Weekly & Monthly Academic Planner w/Ruler/Bookmark & Stickers, For Homework, Matrix Style, Rainbow Silhouette",18.95,https://www.amazon.com/dp/B0GN4KS2X2,,False,False,multi/pattern,,,0.7462082912032356,multi/pattern,S_6e975d9e9424,"2026-2027 Excello Brands 8.5"" x 11"" Academic Weekly & Monthly Teacher Planner, Paperboard Cover, Tree Seasons (TP-AY26-0020)",34.99,https://www.staples.com/2026-2027-excello-brands-8-5-x-11-academic-weekly-monthly-teacher-planner-paperboard-cover-tree-seasons-tp-ay26-0020/product_24683849,multi/pattern,hardcover,traditional,0.46056622851365014
A_b916a7cccdc5,Office Supplies > Calendars & Planners > Planners & Personal Organizers,Office Supplies > Calendars & Planners,0.0,80.0,1.0,0.5,0.794067919254303,1.0,4,87.64407348632812,1.533689126084056,1.0,15,0.03488372093023251,False,S_557c82e09d58,False,,STYLE-EXTENSION,Approve,False,Office Supplies > Calendars & Planners > Planners & Personal Organizers :: L1 :: planner_type=planner · design_theme=art/pattern · audience=general · vibe=plain,1,ATTR-SUBSTITUTE,"AT-A-GLANCE 2027 Planner, Simplified by Emily Ley, Weekly & Monthly, 5.5"" x 8.5"", Happy Stripe (EL57-200-27)",22.99,https://www.amazon.com/dp/B0GVGRQBH7,AT-A-GLANCE,False,True,multi/pattern,,,0.6708796764408493,multi/pattern,S_557c82e09d58,"2027 Blue Sky Kelly Ventura Flora Lake 5"" x 8"" Calendar Year Weekly & Monthly Standard Planner, Plastic Cover",14.99,https://www.staples.com/2027-blue-sky-kelly-ventura-flora-lake-5-x-8-calendar-year-weekly-monthly-standard-planner-plastic-cover/product_24679131,grey,plastic/poly,boho/coastal,0.6359959555106168
A_b916a7cccdc5,Office Supplies > Calendars & Planners > Planners & Personal Organizers,Office Supplies > Calendars & Planners,0.0,80.0,1.0,0.5,0.794067919254303,1.0,4,87.64407348632812,1.533689126084056,1.0,15,0.03488372093023251,False,S_557c82e09d58,False,,STYLE-EXTENSION,Approve,False,Office Supplies > Calendars & Planners > Planners & Personal Organizers :: L2 :: planner_type=planner · date_format=weekly & monthly · design_theme=art/pattern · vibe=plain,2,ATTR-SUBSTITUTE,"AT-A-GLANCE 2027 Planner, Simplified by Emily Ley, Weekly & Monthly, 5.5"" x 8.5"", Happy Stripe (EL57-200-27)",22.99,https://www.amazon.com/dp/B0GVGRQBH7,AT-A-GLANCE,False,True,multi/pattern,,,0.6708796764408493,multi/pattern,S_557c82e09d58,"2027 Blue Sky Kelly Ventura Flora Lake 5"" x 8"" Calendar Year Weekly & Monthly Standard Planner, Plastic Cover",14.99,https://www.staples.com/2027-blue-sky-kelly-ventura-flora-lake-5-x-8-calendar-year-weekly-monthly-standard-planner-plastic-cover/product_24679131,grey,plastic/poly,boho/coastal,0.6359959555106168
A_f2b89ec0aee0,Office Supplies > Desk Organizers & Accessories > Desk Organizers,Office Supplies > Desk Organizers & Accessories,1.0,71.30143860823017,0.8741496598639455,0.4713114754098361,0.8363134860992432,1.0,3,90.1788101196289,1.3893893893893894,1.0,15,0.7051886792452831,False,S_8255f5d10a92,False,,STYLE-EXTENSION,Approve,False,Office Supplies > Desk Organizers & Accessories > Desk Organizers :: long tail,0,ATTR-STYLE-EXT,"French Bulldog Pen Holder, Cute Dog Desk Organizer, Gift for Dog Lovers (B)",13.88,https://www.amazon.com/dp/B0HKS3GQKB,,False,False,,,,0.7877358490566038,,S_8255f5d10a92,"TRU RED Divided Plastic Pencil Cup, Black – Desktop Organizer for Pens, Pencils & Office Supplies",9.99,https://www.staples.com/tru-red-4-compartment-divided-plastic-pencil-cup-black-tr55274/product_24380427,black,plastic,contemporary,0.08254716981132075
A_1248141f79c7,Office Supplies > Desk Organizers & Accessories > Desk Organizers,Office Supplies > Desk Organizers & Accessories,1.0,40.204081632653065,0.003401360544217687,1.0,0.6068816184997559,1.0,3,76.41289520263672,0.8600556070435589,1.0,3,0.3561320754716981,False,S_28e44bd70cad,False,,STYLE-EXTENSION,Approve,False,Office Supplies > Desk Organizers & Accessories > Desk Organizers :: long tail,0,ATTR-UNDERCUT,"Blue:Push Clamp Reusable Paper Clip Dispenser, No Staples Alternative, Refillable Clip Tool for Office, School & Home (Blue)",9.28,https://www.amazon.com/dp/B0GTBD1SL1,,False,False,blue,,contemporary,0.5966981132075472,blue,S_28e44bd70cad,"CLI Transparent Magnetic Plastic Paper Clip Dispenser, Black/Smoke, 12/Bundle (CHL010B-12)",34.79,https://www.staples.com/cli-transparent-magnetic-plastic-paper-clip-dispenser-black-smoke-12-bundle-chl010b-12/product_24507255,black,plastic,,0.24056603773584906
A_bfc1713e3fd0,Office Supplies > Desk Organizers & Accessories > Desk Organizers,Office Supplies > Desk Organizers & Accessories,1.0,40.204081632653065,0.003401360544217687,1.0,0.6068816184997559,1.0,3,76.41289520263672,1.1112140871177016,1.0,3,0.6014150943396226,False,S_28e44bd70cad,False,,STYLE-EXTENSION,Approve,False,Office Supplies > Desk Organizers & Accessories > Desk Organizers :: long tail,0,ATTR-UNDERCUT,Ceramic Paper Clip Holder Gold Line Paper Clip Dispenser Organizer for Desk Cute Floral Pattern Office Binder Clip Holder Bobby Pin and Hair Clip Holder Gift for Office Mint Flowers,11.99,https://www.amazon.com/dp/B0B3WYDNHW,,False,False,metallic,,contemporary,0.8419811320754716,,S_28e44bd70cad,"CLI Transparent Magnetic Plastic Paper Clip Dispenser, Black/Smoke, 12/Bundle (CHL010B-12)",34.79,https://www.staples.com/cli-transparent-magnetic-plastic-paper-clip-dispenser-black-smoke-12-bundle-chl010b-12/product_24507255,black,plastic,,0.24056603773584906
A_1b8f85866163,Office Supplies > Desk Organizers & Accessories > Desk Organizers,Office Supplies > Desk Organizers & Accessories,1.0,40.204081632653065,0.003401360544217687,1.0,0.6068816184997559,1.0,3,76.41289520263672,0.9165894346617239,1.0,3,0.6650943396226415,False,S_28e44bd70cad,False,,STYLE-EXTENSION,Approve,False,Office Supplies > Desk Organizers & Accessories > Desk Organizers :: long tail,0,ATTR-UNDERCUT,"Magnetic Paper Clip Holder, Marble White holder with Gold PaperClips 100pcs 28mm(1.1"") Cute Office Supplies for Desk Organizer",9.89,https://www.amazon.com/dp/B07RYTC32G,,False,False,white,,contemporary,0.9056603773584906,,S_28e44bd70cad,"CLI Transparent Magnetic Plastic Paper Clip Dispenser, Black/Smoke, 12/Bundle (CHL010B-12)",34.79,https://www.staples.com/cli-transparent-magnetic-plastic-paper-clip-dispenser-black-smoke-12-bundle-chl010b-12/product_24507255,black,plastic,,0.24056603773584906
A_f4725ff36adc,Office Supplies > Desk Organizers & Accessories > Desk Organizers,Office Supplies > Desk Organizers & Accessories,1.0,40.204081632653065,0.003401360544217687,1.0,0.6068816184997559,1.0,3,76.41289520263672,1.2965708989805376,1.0,3,0.33490566037735847,True,S_28e44bd70cad,False,,STYLE-EXTENSION,Approve,False,Office Supplies > Desk Organizers & Accessories > Desk Organizers :: long tail,0,ATTR-UNDERCUT,"Blue Feather Products, Inc. Clipwell Magnetic Paper Clip Holder - Easy Toss & Pick-Up - Holds Various Metal Parts - Powerful Sweep-Up Magnet - Ideal Locker Accessory & Home & Office Organizer - White",13.99,https://www.amazon.com/dp/B00JPQW1OS,,False,False,white,metal,contemporary,0.5754716981132075,white,S_28e44bd70cad,"CLI Transparent Magnetic Plastic Paper Clip Dispenser, Black/Smoke, 12/Bundle (CHL010B-12)",34.79,https://www.staples.com/cli-transparent-magnetic-plastic-paper-clip-dispenser-black-smoke-12-bundle-chl010b-12/product_24507255,black,plastic,,0.24056603773584906
A_2a0fa0aadee2,Office Supplies > Desk Organizers & Accessories > Desk Pads,Office Supplies > Desk Organizers & Accessories,1.0,73.26530612244898,0.5544217687074829,1.0,0.8355414271354675,1.0,4,90.13248443603516,1.2405492456348535,1.0,3,0.4913793103448275,True,S_27808f5c6129,False,,STYLE-EXTENSION,Approve,False,Office Supplies > Desk Organizers & Accessories > Desk Pads :: L2 :: material_class=faux leather · anti_slip=no · gap__key_benefits__water-resistant=no · vibe=plain,2,ATTR-TRADE-UP,Dacasso Leatherette Conference Pads,73.18,https://www.amazon.com/dp/B0CF41MTWY,Dacasso,False,False,,faux leather,,0.7327586206896551,,S_27808f5c6129,"Floortex Desktex Vinyl Desk Pad, 24"" x 19"", Clear, 2/Pack (FPDE1924RA2)",65.29,https://www.staples.com/floortex-desktex-anti-slip-plastic-desk-pad-19-x-22-clear-fpde1924ra2/product_24073803,clear,clear plastic,,0.2413793103448276
A_c9e3c32df972,Office Supplies > Desk Organizers & Accessories > Desk Pads,Office Supplies > Desk Organizers & Accessories,0.28654970760233933,53.265306122448976,0.5544217687074829,0.5,0.8355409502983093,1.0,4,90.13246154785156,0.913714188845567,1.0,3,0.4482758620689656,True,S_618db20827c9,False,,STYLE-EXTENSION,Approve,False,Office Supplies > Desk Organizers & Accessories > Desk Pads :: L1 :: material_class=faux leather · anti_slip=no · gap__key_benefits__water-resistant=no · gap__use_context__corporate office=no,1,ATTR-TRADE-UP,"Rikan Small Desk Blotter with Smooth Surface-Vegan Leather Stylish Desk Mat Ideal for Keyboard, Laptop & Device Placement - Perfect Laptop Pad Protects Your Desk, Enhances Style & Productivity - Grey",53.9,https://www.amazon.com/dp/B0GHT7PQ39,,False,False,grey,faux leather,,0.6637931034482759,grey,S_618db20827c9,"Floortex Hometex Vinyl Desk Pad, 36"" x 20"", Fresh Mist (FRHMTM5191EV1)",53.89,https://www.staples.com/floortex-hometex-vinyl-desk-pad-20-x-36-clear-frhmtm5191ev1/product_1945166,clear,vinyl/pvc,,0.21551724137931033
A_c9e3c32df972,Office Supplies > Desk Organizers & Accessories > Desk Pads,Office Supplies > Desk Organizers & Accessories,0.28654970760233933,53.265306122448976,0.5544217687074829,0.5,0.8355409502983093,1.0,4,90.13246154785156,0.913714188845567,1.0,3,0.4482758620689656,True,S_618db20827c9,False,,STYLE-EXTENSION,Approve,False,Office Supplies > Desk Organizers & Accessories > Desk Pads :: L2 :: material_class=faux leather · anti_slip=no · gap__key_benefits__water-resistant=no · vibe=plain,2,ATTR-TRADE-UP,"Rikan Small Desk Blotter with Smooth Surface-Vegan Leather Stylish Desk Mat Ideal for Keyboard, Laptop & Device Placement - Perfect Laptop Pad Protects Your Desk, Enhances Style & Productivity - Grey",53.9,https://www.amazon.com/dp/B0GHT7PQ39,,False,False,grey,faux leather,,0.6637931034482759,grey,S_618db20827c9,"Floortex Hometex Vinyl Desk Pad, 36"" x 20"", Fresh Mist (FRHMTM5191EV1)",53.89,https://www.staples.com/floortex-hometex-vinyl-desk-pad-20-x-36-clear-frhmtm5191ev1/product_1945166,clear,vinyl/pvc,,0.21551724137931033
A_c9e3c32df972,Office Supplies > Desk Organizers & Accessories > Desk Pads,Office Supplies > Desk Organizers & Accessories,0.28654970760233933,53.265306122448976,0.5544217687074829,0.5,0.8355409502983093,1.0,4,90.13246154785156,0.913714188845567,1.0,3,0.4482758620689656,True,S_618db20827c9,False,,STYLE-EXTENSION,Approve,False,Office Supplies > Desk Organizers & Accessories > Desk Pads :: L3 :: material_class=faux leather · gap__key_benefits__water-resistant=no · vibe=plain · gap__use_context__corporate office=no,3,ATTR-TRADE-UP,"Rikan Small Desk Blotter with Smooth Surface-Vegan Leather Stylish Desk Mat Ideal for Keyboard, Laptop & Device Placement - Perfect Laptop Pad Protects Your Desk, Enhances Style & Productivity - Grey",53.9,https://www.amazon.com/dp/B0GHT7PQ39,,False,False,grey,faux leather,,0.6637931034482759,grey,S_618db20827c9,"Floortex Hometex Vinyl Desk Pad, 36"" x 20"", Fresh Mist (FRHMTM5191EV1)",53.89,https://www.staples.com/floortex-hometex-vinyl-desk-pad-20-x-36-clear-frhmtm5191ev1/product_1945166,clear,vinyl/pvc,,0.21551724137931033
A_b2f455976dbf,Office Supplies > Desk Organizers & Accessories > Desk Pads,Office Supplies > Desk Organizers & Accessories,0.8775100401606426,73.26530612244898,0.5544217687074829,1.0,0.8347660303115845,1.0,4,90.0859603881836,0.9321918969316834,0.75,3,0.4913793103448276,True,S_3c9c469c1404,False,,STYLE-EXTENSION,Approve,False,Office Supplies > Desk Organizers & Accessories > Desk Pads :: L1 :: material_class=faux leather · anti_slip=yes · gap__key_benefits__water-resistant=yes · gap__use_context__corporate office=yes,1,ATTR-STYLE-EXT,"Premium Leather Desk Mat, Full Grain Leather Desk Pad Protector & Desk Blotter, Waterproof Non-Slip Writing Surface for Keyboard, Mouse & Laptop, Desk Pad for Home & Office (Tobacco, Medium)",54.99,https://www.amazon.com/dp/B0H5TQTVV7,,False,False,,faux leather,,0.8706896551724138,brown/wood,S_3c9c469c1404,"Victor Technology Grounding 27.6"" Non-Skid Desk Pad, Black (GDP700)",58.99,https://www.staples.com/victor-technology-grounding-27-6-non-skid-desk-pad-black-gdp700/product_24700626,black,fabric/cloth,,0.3793103448275862
