node_id,brand,products,archetypes,house_brand,brand_on_staples,recruit_path
"Bags, Backpacks & Luggage > Backpacks & Laptop Bags > Backpacks",,217,10,False,False,Independent brand: recruit as a marketplace seller
"Bags, Backpacks & Luggage > Backpacks & Laptop Bags > Backpacks",LOVEVOOK,30,7,False,False,Independent brand: recruit as a marketplace seller
"Bags, Backpacks & Luggage > Backpacks & Laptop Bags > Backpacks",WATERFLY,12,2,False,False,Independent brand: recruit as a marketplace seller
"Bags, Backpacks & Luggage > Backpacks & Laptop Bags > Backpacks",15L,10,3,False,False,Independent brand: recruit as a marketplace seller
"Bags, Backpacks & Luggage > Backpacks & Laptop Bags > Backpacks",20L,10,2,False,False,Independent brand: recruit as a marketplace seller
"Bags, Backpacks & Luggage > Backpacks & Laptop Bags > Backpacks",SKYSPER,9,2,False,False,Independent brand: recruit as a marketplace seller
"Bags, Backpacks & Luggage > Backpacks & Laptop Bags > Backpacks",ECOHUB,6,3,False,False,Independent brand: recruit as a marketplace seller
"Bags, Backpacks & Luggage > Backpacks & Laptop Bags > Backpacks",10L,4,2,False,False,Independent brand: recruit as a marketplace seller
"Bags, Backpacks & Luggage > Backpacks & Laptop Bags > Backpacks",CROSSGEAR,4,3,False,False,Independent brand: recruit as a marketplace seller
"Bags, Backpacks & Luggage > Backpacks & Laptop Bags > Backpacks",IX,4,2,False,False,Independent brand: recruit as a marketplace seller
"Bags, Backpacks & Luggage > Backpacks & Laptop Bags > Backpacks",MOSISO,4,1,False,False,Independent brand: recruit as a marketplace seller
"Bags, Backpacks & Luggage > Backpacks & Laptop Bags > Backpacks",25L,3,1,False,False,Independent brand: recruit as a marketplace seller
"Bags, Backpacks & Luggage > Backpacks & Laptop Bags > Backpacks",BECOJADDE,3,1,False,False,Independent brand: recruit as a marketplace seller
"Bags, Backpacks & Luggage > Backpacks & Laptop Bags > Backpacks",MATEIN,3,2,False,False,Independent brand: recruit as a marketplace seller
"Bags, Backpacks & Luggage > Backpacks & Laptop Bags > Backpacks",MOUNTAINTOP,3,2,False,False,Independent brand: recruit as a marketplace seller
"Bags, Backpacks & Luggage > Backpacks & Laptop Bags > Backpacks",TUMI,3,3,False,False,Independent brand: recruit as a marketplace seller
"Bags, Backpacks & Luggage > Backpacks & Laptop Bags > Backpacks",ZOMAKE,3,2,False,False,Independent brand: recruit as a marketplace seller
"Bags, Backpacks & Luggage > Backpacks & Laptop Bags > Backpacks",18L,2,1,False,False,Independent brand: recruit as a marketplace seller
"Bags, Backpacks & Luggage > Backpacks & Laptop Bags > Backpacks",BAGSMART,2,2,False,True,Quick win: already a Staples supplier
"Bags, Backpacks & Luggage > Backpacks & Laptop Bags > Backpacks",BANGE,2,2,False,False,Independent brand: recruit as a marketplace seller
"Bags, Backpacks & Luggage > Backpacks & Laptop Bags > Backpacks",FENGDONG,2,1,False,False,Independent brand: recruit as a marketplace seller
"Bags, Backpacks & Luggage > Backpacks & Laptop Bags > Backpacks",KROSER,2,2,False,False,Independent brand: recruit as a marketplace seller
"Bags, Backpacks & Luggage > Backpacks & Laptop Bags > Backpacks",LIGHT,2,1,False,False,Independent brand: recruit as a marketplace seller
"Bags, Backpacks & Luggage > Backpacks & Laptop Bags > Backpacks",SEAFEW,2,1,False,False,Independent brand: recruit as a marketplace seller
"Bags, Backpacks & Luggage > Backpacks & Laptop Bags > Backpacks",YAMTION,2,2,False,False,Independent brand: recruit as a marketplace seller
"Bags, Backpacks & Luggage > Backpacks & Laptop Bags > Backpacks",100L,1,1,False,False,Independent brand: recruit as a marketplace seller
"Bags, Backpacks & Luggage > Backpacks & Laptop Bags > Backpacks",11L,1,1,False,False,Independent brand: recruit as a marketplace seller
"Bags, Backpacks & Luggage > Backpacks & Laptop Bags > Backpacks",13L,1,1,False,False,Independent brand: recruit as a marketplace seller
"Bags, Backpacks & Luggage > Backpacks & Laptop Bags > Backpacks",14L,1,1,False,False,Independent brand: recruit as a marketplace seller
"Bags, Backpacks & Luggage > Backpacks & Laptop Bags > Backpacks",15L/20L,1,1,False,False,Independent brand: recruit as a marketplace seller
"Bags, Backpacks & Luggage > Backpacks & Laptop Bags > Backpacks",16L,1,1,False,False,Independent brand: recruit as a marketplace seller
"Bags, Backpacks & Luggage > Backpacks & Laptop Bags > Backpacks",28L,1,1,False,False,Independent brand: recruit as a marketplace seller
"Bags, Backpacks & Luggage > Backpacks & Laptop Bags > Backpacks",35L,1,1,False,False,Independent brand: recruit as a marketplace seller
"Bags, Backpacks & Luggage > Backpacks & Laptop Bags > Backpacks",3F,1,1,False,False,Independent brand: recruit as a marketplace seller
"Bags, Backpacks & Luggage > Backpacks & Laptop Bags > Backpacks",50L,1,1,False,False,Independent brand: recruit as a marketplace seller
"Bags, Backpacks & Luggage > Backpacks & Laptop Bags > Backpacks",90L,1,1,False,False,Independent brand: recruit as a marketplace seller
"Bags, Backpacks & Luggage > Backpacks & Laptop Bags > Backpacks",AGLOD,1,1,False,False,Independent brand: recruit as a marketplace seller
"Bags, Backpacks & Luggage > Backpacks & Laptop Bags > Backpacks",BOPAI,1,1,False,False,Independent brand: recruit as a marketplace seller
"Bags, Backpacks & Luggage > Backpacks & Laptop Bags > Backpacks",BOVIP,1,1,False,False,Independent brand: recruit as a marketplace seller
"Bags, Backpacks & Luggage > Backpacks & Laptop Bags > Backpacks",CAMTOP,1,1,False,False,Independent brand: recruit as a marketplace seller
"Bags, Backpacks & Luggage > Backpacks & Laptop Bags > Backpacks",CROSS,1,1,False,False,Independent brand: recruit as a marketplace seller
"Bags, Backpacks & Luggage > Backpacks & Laptop Bags > Backpacks",DOJUNS,1,1,False,False,Independent brand: recruit as a marketplace seller
"Bags, Backpacks & Luggage > Backpacks & Laptop Bags > Backpacks",EMPSIGN,1,1,False,False,Independent brand: recruit as a marketplace seller
"Bags, Backpacks & Luggage > Backpacks & Laptop Bags > Backpacks",EZUOLA,1,1,False,False,Independent brand: recruit as a marketplace seller
"Bags, Backpacks & Luggage > Backpacks & Laptop Bags > Backpacks",FADEON,1,1,False,False,Independent brand: recruit as a marketplace seller
"Bags, Backpacks & Luggage > Backpacks & Laptop Bags > Backpacks",FENRUIEN,1,1,False,False,Independent brand: recruit as a marketplace seller
"Bags, Backpacks & Luggage > Backpacks & Laptop Bags > Backpacks",FIORETTO,1,1,False,False,Independent brand: recruit as a marketplace seller
"Bags, Backpacks & Luggage > Backpacks & Laptop Bags > Backpacks",GOX,1,1,False,False,Independent brand: recruit as a marketplace seller
"Bags, Backpacks & Luggage > Backpacks & Laptop Bags > Backpacks",HOLYLUCK,1,1,False,False,Independent brand: recruit as a marketplace seller
"Bags, Backpacks & Luggage > Backpacks & Laptop Bags > Backpacks",HOMIEE,1,1,False,False,Independent brand: recruit as a marketplace seller
"Bags, Backpacks & Luggage > Backpacks & Laptop Bags > Backpacks",HUARIPOLY,1,1,False,False,Independent brand: recruit as a marketplace seller
"Bags, Backpacks & Luggage > Backpacks & Laptop Bags > Backpacks",High Sierra,1,1,False,True,Quick win: already a Staples supplier
"Bags, Backpacks & Luggage > Backpacks & Laptop Bags > Backpacks",INOXTO,1,1,False,False,Independent brand: recruit as a marketplace seller
"Bags, Backpacks & Luggage > Backpacks & Laptop Bags > Backpacks",KEEP,1,1,False,False,Independent brand: recruit as a marketplace seller
"Bags, Backpacks & Luggage > Backpacks & Laptop Bags > Backpacks",KEOFID,1,1,False,False,Independent brand: recruit as a marketplace seller
"Bags, Backpacks & Luggage > Backpacks & Laptop Bags > Backpacks",KINGSLONG,1,1,False,False,Independent brand: recruit as a marketplace seller
"Bags, Backpacks & Luggage > Backpacks & Laptop Bags > Backpacks",LANNSYNE,1,1,False,False,Independent brand: recruit as a marketplace seller
"Bags, Backpacks & Luggage > Backpacks & Laptop Bags > Backpacks",LATMAP,1,1,False,False,Independent brand: recruit as a marketplace seller
"Bags, Backpacks & Luggage > Backpacks & Laptop Bags > Backpacks",LEFF,1,1,False,False,Independent brand: recruit as a marketplace seller
"Bags, Backpacks & Luggage > Backpacks & Laptop Bags > Backpacks",MOKURA,1,1,False,False,Independent brand: recruit as a marketplace seller
"Bags, Backpacks & Luggage > Backpacks & Laptop Bags > Backpacks",MOMUVO,1,1,False,False,Independent brand: recruit as a marketplace seller
"Bags, Backpacks & Luggage > Backpacks & Laptop Bags > Backpacks",NODLAND,1,1,False,False,Independent brand: recruit as a marketplace seller
"Bags, Backpacks & Luggage > Backpacks & Laptop Bags > Backpacks",PLAY-KING,1,1,False,False,Independent brand: recruit as a marketplace seller
"Bags, Backpacks & Luggage > Backpacks & Laptop Bags > Backpacks",Polare,1,1,False,False,Independent brand: recruit as a marketplace seller
"Bags, Backpacks & Luggage > Backpacks & Laptop Bags > Backpacks",ROARING,1,1,False,False,Independent brand: recruit as a marketplace seller
"Bags, Backpacks & Luggage > Backpacks & Laptop Bags > Backpacks",RTIC,1,1,False,False,Independent brand: recruit as a marketplace seller
"Bags, Backpacks & Luggage > Backpacks & Laptop Bags > Backpacks",SHRRADOO,1,1,False,False,Independent brand: recruit as a marketplace seller
"Bags, Backpacks & Luggage > Backpacks & Laptop Bags > Backpacks",TACTICAL_GEEK,1,1,False,False,Independent brand: recruit as a marketplace seller
"Bags, Backpacks & Luggage > Backpacks & Laptop Bags > Backpacks",TILYMOL,1,1,False,False,Independent brand: recruit as a marketplace seller
"Bags, Backpacks & Luggage > Backpacks & Laptop Bags > Backpacks",Targus,1,1,False,True,Quick win: already a Staples supplier
"Bags, Backpacks & Luggage > Backpacks & Laptop Bags > Backpacks",VPBAGE,1,1,False,False,Independent brand: recruit as a marketplace seller
"Bags, Backpacks & Luggage > Backpacks & Laptop Bags > Backpacks",WOLT,1,1,False,False,Independent brand: recruit as a marketplace seller
"Bags, Backpacks & Luggage > Backpacks & Laptop Bags > Backpacks",YFREAL,1,1,False,False,Independent brand: recruit as a marketplace seller
"Bags, Backpacks & Luggage > Backpacks & Laptop Bags > Backpacks",YOREPEK,1,1,False,False,Independent brand: recruit as a marketplace seller
"Bags, Backpacks & Luggage > Backpacks & Laptop Bags > Backpacks",YOUMIAN,1,1,False,False,Independent brand: recruit as a marketplace seller
"Bags, Backpacks & Luggage > Backpacks & Laptop Bags > Backpacks",Z-MGKISS,1,1,False,False,Independent brand: recruit as a marketplace seller
"Bags, Backpacks & Luggage > Backpacks & Laptop Bags > Backpacks",ZOMFELT,1,1,False,False,Independent brand: recruit as a marketplace seller
"Bags, Backpacks & Luggage > Totes & Handbags > Lunch Bags & Boxes",,223,10,False,False,Independent brand: recruit as a marketplace seller
"Bags, Backpacks & Luggage > Totes & Handbags > Lunch Bags & Boxes",TRAVELISIMO,4,3,False,False,Independent brand: recruit as a marketplace seller
"Bags, Backpacks & Luggage > Totes & Handbags > Lunch Bags & Boxes",APP,3,2,False,False,Independent brand: recruit as a marketplace seller
"Bags, Backpacks & Luggage > Totes & Handbags > Lunch Bags & Boxes",Bentgo,3,4,False,True,Quick win: already a Staples supplier
"Bags, Backpacks & Luggage > Totes & Handbags > Lunch Bags & Boxes",IXIIE,3,2,False,False,Independent brand: recruit as a marketplace seller
"Bags, Backpacks & Luggage > Totes & Handbags > Lunch Bags & Boxes",1.5L,2,1,False,False,Independent brand: recruit as a marketplace seller
"Bags, Backpacks & Luggage > Totes & Handbags > Lunch Bags & Boxes",1.8L,2,2,False,False,Independent brand: recruit as a marketplace seller
"Bags, Backpacks & Luggage > Totes & Handbags > Lunch Bags & Boxes",2X1.2L,2,1,False,False,Independent brand: recruit as a marketplace seller
"Bags, Backpacks & Luggage > Totes & Handbags > Lunch Bags & Boxes",AOHEA,2,2,False,False,Independent brand: recruit as a marketplace seller
"Bags, Backpacks & Luggage > Totes & Handbags > Lunch Bags & Boxes",EAST,2,2,False,False,Independent brand: recruit as a marketplace seller
"Bags, Backpacks & Luggage > Totes & Handbags > Lunch Bags & Boxes",GOLDEN,2,2,False,False,Independent brand: recruit as a marketplace seller
"Bags, Backpacks & Luggage > Totes & Handbags > Lunch Bags & Boxes",ODSD,2,2,False,False,Independent brand: recruit as a marketplace seller
"Bags, Backpacks & Luggage > Totes & Handbags > Lunch Bags & Boxes",XL,2,3,False,False,Independent brand: recruit as a marketplace seller
"Bags, Backpacks & Luggage > Totes & Handbags > Lunch Bags & Boxes",100W,1,2,False,False,Independent brand: recruit as a marketplace seller
"Bags, Backpacks & Luggage > Totes & Handbags > Lunch Bags & Boxes",12V/24V,1,2,False,False,Independent brand: recruit as a marketplace seller
"Bags, Backpacks & Luggage > Totes & Handbags > Lunch Bags & Boxes",200W,1,2,False,False,Independent brand: recruit as a marketplace seller
"Bags, Backpacks & Luggage > Totes & Handbags > Lunch Bags & Boxes",20Pcs,1,1,False,False,Independent brand: recruit as a marketplace seller
"Bags, Backpacks & Luggage > Totes & Handbags > Lunch Bags & Boxes",AMZCHEF,1,1,False,False,Independent brand: recruit as a marketplace seller
"Bags, Backpacks & Luggage > Totes & Handbags > Lunch Bags & Boxes",BABHAMNESS,1,1,False,False,Independent brand: recruit as a marketplace seller
"Bags, Backpacks & Luggage > Totes & Handbags > Lunch Bags & Boxes",BEFOY,1,2,False,False,Independent brand: recruit as a marketplace seller
"Bags, Backpacks & Luggage > Totes & Handbags > Lunch Bags & Boxes",CHAREADA,1,2,False,False,Independent brand: recruit as a marketplace seller
"Bags, Backpacks & Luggage > Totes & Handbags > Lunch Bags & Boxes",CHARMDOO,1,2,False,False,Independent brand: recruit as a marketplace seller
"Bags, Backpacks & Luggage > Totes & Handbags > Lunch Bags & Boxes",COZYEXPERT,1,2,False,False,Independent brand: recruit as a marketplace seller
"Bags, Backpacks & Luggage > Totes & Handbags > Lunch Bags & Boxes",DAS,1,2,False,False,Independent brand: recruit as a marketplace seller
"Bags, Backpacks & Luggage > Totes & Handbags > Lunch Bags & Boxes",FYY,1,1,False,False,Independent brand: recruit as a marketplace seller
"Bags, Backpacks & Luggage > Totes & Handbags > Lunch Bags & Boxes",G1,1,2,False,False,Independent brand: recruit as a marketplace seller
"Bags, Backpacks & Luggage > Totes & Handbags > Lunch Bags & Boxes",GEARGO,1,2,False,False,Independent brand: recruit as a marketplace seller
"Bags, Backpacks & Luggage > Totes & Handbags > Lunch Bags & Boxes",GUARDKING,1,1,False,False,Independent brand: recruit as a marketplace seller
"Bags, Backpacks & Luggage > Totes & Handbags > Lunch Bags & Boxes",HIBINO,1,1,False,False,Independent brand: recruit as a marketplace seller
"Bags, Backpacks & Luggage > Totes & Handbags > Lunch Bags & Boxes",HOMEKOL,1,3,False,False,Independent brand: recruit as a marketplace seller
"Bags, Backpacks & Luggage > Totes & Handbags > Lunch Bags & Boxes",IFENROL,1,2,False,False,Independent brand: recruit as a marketplace seller
"Bags, Backpacks & Luggage > Totes & Handbags > Lunch Bags & Boxes",Inkbird,1,2,False,False,Independent brand: recruit as a marketplace seller
"Bags, Backpacks & Luggage > Totes & Handbags > Lunch Bags & Boxes",JYPS,1,2,False,False,Independent brand: recruit as a marketplace seller
"Bags, Backpacks & Luggage > Totes & Handbags > Lunch Bags & Boxes",LONICERA,1,2,False,False,Independent brand: recruit as a marketplace seller
"Bags, Backpacks & Luggage > Totes & Handbags > Lunch Bags & Boxes",LOVINA,1,2,False,False,Independent brand: recruit as a marketplace seller
"Bags, Backpacks & Luggage > Totes & Handbags > Lunch Bags & Boxes",MEGAWISE,1,1,False,False,Independent brand: recruit as a marketplace seller
"Bags, Backpacks & Luggage > Totes & Handbags > Lunch Bags & Boxes",MISS,1,2,False,False,Independent brand: recruit as a marketplace seller
"Bags, Backpacks & Luggage > Totes & Handbags > Lunch Bags & Boxes",PEDECO,1,1,False,False,Independent brand: recruit as a marketplace seller
"Bags, Backpacks & Luggage > Totes & Handbags > Lunch Bags & Boxes",RESORA,1,2,False,False,Independent brand: recruit as a marketplace seller
"Bags, Backpacks & Luggage > Totes & Handbags > Lunch Bags & Boxes",ROTTOTOON,1,2,False,False,Independent brand: recruit as a marketplace seller
"Bags, Backpacks & Luggage > Totes & Handbags > Lunch Bags & Boxes",RUDAP,1,2,False,False,Independent brand: recruit as a marketplace seller
"Bags, Backpacks & Luggage > Totes & Handbags > Lunch Bags & Boxes",SNIFITAR,1,2,False,False,Independent brand: recruit as a marketplace seller
"Bags, Backpacks & Luggage > Totes & Handbags > Lunch Bags & Boxes",SOUOA,1,2,False,False,Independent brand: recruit as a marketplace seller
"Bags, Backpacks & Luggage > Totes & Handbags > Lunch Bags & Boxes",TAVVA,1,1,False,False,Independent brand: recruit as a marketplace seller
"Bags, Backpacks & Luggage > Totes & Handbags > Lunch Bags & Boxes",VVU&CCO,1,2,False,False,Independent brand: recruit as a marketplace seller
"Coffee, Water & Snacks > Coffee, Coffee Makers & Supplies > Coffee Organizers & Dispensers",,103,7,False,False,Independent brand: recruit as a marketplace seller
"Coffee, Water & Snacks > Coffee, Coffee Makers & Supplies > Coffee Organizers & Dispensers",INSAGO,2,1,False,False,Independent brand: recruit as a marketplace seller
"Coffee, Water & Snacks > Coffee, Coffee Makers & Supplies > Coffee Organizers & Dispensers",3Pcs,1,1,False,False,Independent brand: recruit as a marketplace seller
"Coffee, Water & Snacks > Coffee, Coffee Makers & Supplies > Coffee Organizers & Dispensers",ALELION,1,1,False,False,Independent brand: recruit as a marketplace seller
"Coffee, Water & Snacks > Coffee, Coffee Makers & Supplies > Coffee Organizers & Dispensers",CNQLIS,1,1,False,False,Independent brand: recruit as a marketplace seller
"Coffee, Water & Snacks > Coffee, Coffee Makers & Supplies > Coffee Organizers & Dispensers",ELLDOO,1,1,False,False,Independent brand: recruit as a marketplace seller
"Coffee, Water & Snacks > Coffee, Coffee Makers & Supplies > Coffee Organizers & Dispensers",EVERIE,1,1,False,False,Independent brand: recruit as a marketplace seller
"Coffee, Water & Snacks > Coffee, Coffee Makers & Supplies > Coffee Organizers & Dispensers",HFHOME,1,1,False,False,Independent brand: recruit as a marketplace seller
"Coffee, Water & Snacks > Coffee, Coffee Makers & Supplies > Coffee Organizers & Dispensers",HTB,1,1,False,False,Independent brand: recruit as a marketplace seller
"Coffee, Water & Snacks > Coffee, Coffee Makers & Supplies > Coffee Organizers & Dispensers",KIRIGEN,1,1,False,False,Independent brand: recruit as a marketplace seller
"Coffee, Water & Snacks > Coffee, Coffee Makers & Supplies > Coffee Organizers & Dispensers",MINCORD,1,1,False,False,Independent brand: recruit as a marketplace seller
"Coffee, Water & Snacks > Coffee, Coffee Makers & Supplies > Coffee Organizers & Dispensers",QUALLON,1,1,False,False,Independent brand: recruit as a marketplace seller
"Coffee, Water & Snacks > Coffee, Coffee Makers & Supplies > Coffee Organizers & Dispensers",SICHEER,1,1,False,False,Independent brand: recruit as a marketplace seller
"Coffee, Water & Snacks > Coffee, Coffee Makers & Supplies > Coffee Organizers & Dispensers",SOUJOY,1,1,False,False,Independent brand: recruit as a marketplace seller
"Coffee, Water & Snacks > Coffee, Coffee Makers & Supplies > Coffee Organizers & Dispensers",WADORN,1,1,False,False,Independent brand: recruit as a marketplace seller
"Coffee, Water & Snacks > Coffee, Coffee Makers & Supplies > Coffee Organizers & Dispensers",YINMIT,1,1,False,False,Independent brand: recruit as a marketplace seller
"Coffee, Water & Snacks > Water & Beverages > Water Bottles, Tumblers & Travel Mugs",,36,5,False,False,Independent brand: recruit as a marketplace seller
"Coffee, Water & Snacks > Water & Beverages > Water Bottles, Tumblers & Travel Mugs",HASLE,4,3,False,False,Independent brand: recruit as a marketplace seller
"Coffee, Water & Snacks > Water & Beverages > Water Bottles, Tumblers & Travel Mugs",DYSANKY,2,2,False,False,Independent brand: recruit as a marketplace seller
"Coffee, Water & Snacks > Water & Beverages > Water Bottles, Tumblers & Travel Mugs",LIFEWTR,2,1,False,False,Independent brand: recruit as a marketplace seller
"Coffee, Water & Snacks > Water & Beverages > Water Bottles, Tumblers & Travel Mugs",STANLEY,2,1,False,True,Quick win: already a Staples supplier
"Coffee, Water & Snacks > Water & Beverages > Water Bottles, Tumblers & Travel Mugs",CUSTOM,1,1,False,False,Independent brand: recruit as a marketplace seller
"Coffee, Water & Snacks > Water & Beverages > Water Bottles, Tumblers & Travel Mugs",CamelBak,1,1,False,True,Quick win: already a Staples supplier
"Coffee, Water & Snacks > Water & Beverages > Water Bottles, Tumblers & Travel Mugs",GSI,1,1,False,False,Independent brand: recruit as a marketplace seller
"Coffee, Water & Snacks > Water & Beverages > Water Bottles, Tumblers & Travel Mugs",SENDESTAR,1,1,False,False,Independent brand: recruit as a marketplace seller
"Coffee, Water & Snacks > Water & Beverages > Water Bottles, Tumblers & Travel Mugs",YETI,1,1,False,False,Independent brand: recruit as a marketplace seller
"Coffee, Water & Snacks > Water & Beverages > Water Bottles, Tumblers & Travel Mugs",YOUKE,1,1,False,False,Independent brand: recruit as a marketplace seller
Furniture > Chairs & Seating > Accent & Waiting Room Chairs,Latitude Run,34,10,True,False,"Competitor house brand: source the archetype, not the SKU"
Furniture > Chairs & Seating > Accent & Waiting Room Chairs,Wade Logan,13,6,True,False,"Competitor house brand: source the archetype, not the SKU"
Furniture > Chairs & Seating > Accent & Waiting Room Chairs,Ebern Designs,12,8,True,False,"Competitor house brand: source the archetype, not the SKU"
Furniture > Chairs & Seating > Accent & Waiting Room Chairs,Everly Quinn,12,6,True,False,"Competitor house brand: source the archetype, not the SKU"
Furniture > Chairs & Seating > Accent & Waiting Room Chairs,Red Barrel Studio,10,8,True,False,"Competitor house brand: source the archetype, not the SKU"
Furniture > Chairs & Seating > Accent & Waiting Room Chairs,George Oliver,9,6,True,False,"Competitor house brand: source the archetype, not the SKU"
Furniture > Chairs & Seating > Accent & Waiting Room Chairs,Hokku Designs,8,8,True,False,"Competitor house brand: source the archetype, not the SKU"
Furniture > Chairs & Seating > Accent & Waiting Room Chairs,Mercer41,8,6,True,False,"Competitor house brand: source the archetype, not the SKU"
Furniture > Chairs & Seating > Accent & Waiting Room Chairs,Joss & Main,6,5,True,False,"Competitor house brand: source the archetype, not the SKU"
Furniture > Chairs & Seating > Accent & Waiting Room Chairs,Corrigan Studio,5,3,True,False,"Competitor house brand: source the archetype, not the SKU"
Furniture > Chairs & Seating > Accent & Waiting Room Chairs,Ivy Bronx,3,3,True,False,"Competitor house brand: source the archetype, not the SKU"
Furniture > Chairs & Seating > Accent & Waiting Room Chairs,Lark Manor,3,5,True,False,"Competitor house brand: source the archetype, not the SKU"
Furniture > Chairs & Seating > Accent & Waiting Room Chairs,Wrought Studio,3,2,True,False,"Competitor house brand: source the archetype, not the SKU"
Furniture > Chairs & Seating > Accent & Waiting Room Chairs,17 Stories,2,2,True,False,"Competitor house brand: source the archetype, not the SKU"
Furniture > Chairs & Seating > Accent & Waiting Room Chairs,Bloomsbury Market,2,1,True,False,"Competitor house brand: source the archetype, not the SKU"
Furniture > Chairs & Seating > Accent & Waiting Room Chairs,Canora Grey,2,1,True,False,"Competitor house brand: source the archetype, not the SKU"
Furniture > Chairs & Seating > Accent & Waiting Room Chairs,Gracie Oaks,2,3,True,False,"Competitor house brand: source the archetype, not the SKU"
Furniture > Chairs & Seating > Accent & Waiting Room Chairs,Ophelia & Co.,2,4,True,False,"Competitor house brand: source the archetype, not the SKU"
Furniture > Chairs & Seating > Accent & Waiting Room Chairs,Winston Porter,2,1,True,False,"Competitor house brand: source the archetype, not the SKU"
Furniture > Chairs & Seating > Accent & Waiting Room Chairs,Alcott Hill,1,1,True,False,"Competitor house brand: source the archetype, not the SKU"
Furniture > Chairs & Seating > Accent & Waiting Room Chairs,All-in furniture,1,1,False,False,Independent brand: recruit as a marketplace seller
Furniture > Chairs & Seating > Accent & Waiting Room Chairs,AllModern,1,1,True,False,"Competitor house brand: source the archetype, not the SKU"
Furniture > Chairs & Seating > Accent & Waiting Room Chairs,Astoria Grand,1,1,True,False,"Competitor house brand: source the archetype, not the SKU"
Furniture > Chairs & Seating > Accent & Waiting Room Chairs,Bay Isle Home,1,2,True,False,"Competitor house brand: source the archetype, not the SKU"
Furniture > Chairs & Seating > Accent & Waiting Room Chairs,Benjara,1,1,False,False,Independent brand: recruit as a marketplace seller
Furniture > Chairs & Seating > Accent & Waiting Room Chairs,Brayden Studio,1,2,True,False,"Competitor house brand: source the archetype, not the SKU"
Furniture > Chairs & Seating > Accent & Waiting Room Chairs,Charlton Home,1,1,True,False,"Competitor house brand: source the archetype, not the SKU"
Furniture > Chairs & Seating > Accent & Waiting Room Chairs,Container,1,1,False,False,Independent brand: recruit as a marketplace seller
Furniture > Chairs & Seating > Accent & Waiting Room Chairs,Dovetail Furniture,1,2,False,False,Independent brand: recruit as a marketplace seller
Furniture > Chairs & Seating > Accent & Waiting Room Chairs,Dreamsidea,1,2,False,False,Independent brand: recruit as a marketplace seller
Furniture > Chairs & Seating > Accent & Waiting Room Chairs,Etta Avenue,1,2,True,False,"Competitor house brand: source the archetype, not the SKU"
Furniture > Chairs & Seating > Accent & Waiting Room Chairs,Greyleigh,1,2,True,False,"Competitor house brand: source the archetype, not the SKU"
Furniture > Chairs & Seating > Accent & Waiting Room Chairs,Hooker Furniture,1,1,False,False,Independent brand: recruit as a marketplace seller
Furniture > Chairs & Seating > Accent & Waiting Room Chairs,Hype Styled,1,1,False,False,Independent brand: recruit as a marketplace seller
Furniture > Chairs & Seating > Accent & Waiting Room Chairs,Mercury Row,1,1,True,False,"Competitor house brand: source the archetype, not the SKU"
Furniture > Chairs & Seating > Accent & Waiting Room Chairs,Modway,1,1,False,False,Independent brand: recruit as a marketplace seller
Furniture > Chairs & Seating > Accent & Waiting Room Chairs,Orren Ellis,1,1,True,False,"Competitor house brand: source the archetype, not the SKU"
Furniture > Chairs & Seating > Accent & Waiting Room Chairs,Poly & Bark,1,1,False,False,Independent brand: recruit as a marketplace seller
Furniture > Chairs & Seating > Accent & Waiting Room Chairs,Safavieh,1,1,False,False,Independent brand: recruit as a marketplace seller
Furniture > Chairs & Seating > Accent & Waiting Room Chairs,Sika Design,1,1,False,False,Independent brand: recruit as a marketplace seller
Furniture > Chairs & Seating > Accent & Waiting Room Chairs,The Twillery Co.,1,1,True,False,"Competitor house brand: source the archetype, not the SKU"
Furniture > Chairs & Seating > Accent & Waiting Room Chairs,Three Posts,1,1,True,False,"Competitor house brand: source the archetype, not the SKU"
Furniture > Chairs & Seating > Accent & Waiting Room Chairs,Tingkunke,1,1,False,False,Independent brand: recruit as a marketplace seller
Furniture > Chairs & Seating > Accent & Waiting Room Chairs,Trent Austin Design,1,1,True,False,"Competitor house brand: source the archetype, not the SKU"
Furniture > Chairs & Seating > Accent & Waiting Room Chairs,Union Rustic,1,1,True,False,"Competitor house brand: source the archetype, not the SKU"
Furniture > Chairs & Seating > Accent & Waiting Room Chairs,Wildon Home,1,1,True,False,"Competitor house brand: source the archetype, not the SKU"
Furniture > Chairs & Seating > Accent & Waiting Room Chairs,Williston Forge,1,1,True,False,"Competitor house brand: source the archetype, not the SKU"
Furniture > Chairs & Seating > Accent & Waiting Room Chairs,Zipcode Design,1,2,True,False,"Competitor house brand: source the archetype, not the SKU"
Furniture > Chairs & Seating > Accent & Waiting Room Chairs,keylanta,1,1,False,False,Independent brand: recruit as a marketplace seller
Furniture > Cubicle & Panel Systems > Office Partitions & Dividers,Dakota Fields,6,7,True,False,"Competitor house brand: source the archetype, not the SKU"
Furniture > Cubicle & Panel Systems > Office Partitions & Dividers,Highland Dunes,6,6,True,False,"Competitor house brand: source the archetype, not the SKU"
Furniture > Cubicle & Panel Systems > Office Partitions & Dividers,Red Barrel Studio,5,6,True,False,"Competitor house brand: source the archetype, not the SKU"
Furniture > Cubicle & Panel Systems > Office Partitions & Dividers,Wrought Studio,4,3,True,False,"Competitor house brand: source the archetype, not the SKU"
Furniture > Cubicle & Panel Systems > Office Partitions & Dividers,East Urban Home,3,5,True,False,"Competitor house brand: source the archetype, not the SKU"
Furniture > Cubicle & Panel Systems > Office Partitions & Dividers,One Allium Way,3,3,False,False,Independent brand: recruit as a marketplace seller
Furniture > Cubicle & Panel Systems > Office Partitions & Dividers,August Grove,2,3,True,False,"Competitor house brand: source the archetype, not the SKU"
Furniture > Cubicle & Panel Systems > Office Partitions & Dividers,Bay Isle Home,2,2,True,False,"Competitor house brand: source the archetype, not the SKU"
Furniture > Cubicle & Panel Systems > Office Partitions & Dividers,Bayou Breeze,2,3,False,False,Independent brand: recruit as a marketplace seller
Furniture > Cubicle & Panel Systems > Office Partitions & Dividers,Brayden Studio,2,2,True,False,"Competitor house brand: source the archetype, not the SKU"
Furniture > Cubicle & Panel Systems > Office Partitions & Dividers,Bungalow Rose,2,2,True,False,"Competitor house brand: source the archetype, not the SKU"
Furniture > Cubicle & Panel Systems > Office Partitions & Dividers,Ebern Designs,2,1,True,False,"Competitor house brand: source the archetype, not the SKU"
Furniture > Cubicle & Panel Systems > Office Partitions & Dividers,Latitude Run,2,2,True,False,"Competitor house brand: source the archetype, not the SKU"
Furniture > Cubicle & Panel Systems > Office Partitions & Dividers,Wholesale Interiors,2,1,False,False,Independent brand: recruit as a marketplace seller
Furniture > Cubicle & Panel Systems > Office Partitions & Dividers,YIBOMORE,2,1,False,False,Independent brand: recruit as a marketplace seller
Furniture > Cubicle & Panel Systems > Office Partitions & Dividers,Astoria Grand,1,1,True,False,"Competitor house brand: source the archetype, not the SKU"
Furniture > Cubicle & Panel Systems > Office Partitions & Dividers,CoSoTower,1,1,False,False,Independent brand: recruit as a marketplace seller
Furniture > Cubicle & Panel Systems > Office Partitions & Dividers,Everly Quinn,1,3,True,False,"Competitor house brand: source the archetype, not the SKU"
Furniture > Cubicle & Panel Systems > Office Partitions & Dividers,Foundry Select,1,1,False,False,Independent brand: recruit as a marketplace seller
Furniture > Cubicle & Panel Systems > Office Partitions & Dividers,Gracie Oaks,1,1,True,False,"Competitor house brand: source the archetype, not the SKU"
Furniture > Cubicle & Panel Systems > Office Partitions & Dividers,Hokku Designs,1,3,True,False,"Competitor house brand: source the archetype, not the SKU"
Furniture > Cubicle & Panel Systems > Office Partitions & Dividers,Lark Manor,1,2,True,False,"Competitor house brand: source the archetype, not the SKU"
Furniture > Cubicle & Panel Systems > Office Partitions & Dividers,Lee's luxury furniture,1,2,False,False,Independent brand: recruit as a marketplace seller
Furniture > Cubicle & Panel Systems > Office Partitions & Dividers,Living Source International,1,1,False,False,Independent brand: recruit as a marketplace seller
Furniture > Cubicle & Panel Systems > Office Partitions & Dividers,Mistana,1,1,True,False,"Competitor house brand: source the archetype, not the SKU"
Furniture > Cubicle & Panel Systems > Office Partitions & Dividers,Rosalind Wheeler,1,2,True,False,"Competitor house brand: source the archetype, not the SKU"
Furniture > Cubicle & Panel Systems > Office Partitions & Dividers,Trinx,1,3,False,False,Independent brand: recruit as a marketplace seller
Furniture > Cubicle & Panel Systems > Office Partitions & Dividers,Wade Logan,1,1,True,False,"Competitor house brand: source the archetype, not the SKU"
Furniture > Decor > Clocks & Timers,East Urban Home,337,8,True,False,"Competitor house brand: source the archetype, not the SKU"
Furniture > Decor > Clocks & Timers,Design Art,85,4,False,False,Independent brand: recruit as a marketplace seller
Furniture > Decor > Clocks & Timers,Latitude Run,41,7,True,False,"Competitor house brand: source the archetype, not the SKU"
Furniture > Decor > Clocks & Timers,The Twillery Co.,11,4,True,False,"Competitor house brand: source the archetype, not the SKU"
Furniture > Decor > Clocks & Timers,Seiko,9,2,False,False,Independent brand: recruit as a marketplace seller
Furniture > Decor > Clocks & Timers,Astoria Grand,8,4,True,False,"Competitor house brand: source the archetype, not the SKU"
Furniture > Decor > Clocks & Timers,Bulova,7,2,False,False,Independent brand: recruit as a marketplace seller
Furniture > Decor > Clocks & Timers,Ebern Designs,7,3,True,False,"Competitor house brand: source the archetype, not the SKU"
Furniture > Decor > Clocks & Timers,Wrought Studio,7,2,True,False,"Competitor house brand: source the archetype, not the SKU"
Furniture > Decor > Clocks & Timers,Rosalind Wheeler,6,3,True,False,"Competitor house brand: source the archetype, not the SKU"
Furniture > Decor > Clocks & Timers,Mercer41,5,4,True,False,"Competitor house brand: source the archetype, not the SKU"
Furniture > Decor > Clocks & Timers,Red Barrel Studio,5,3,True,False,"Competitor house brand: source the archetype, not the SKU"
Furniture > Decor > Clocks & Timers,Dakota Fields,4,4,True,False,"Competitor house brand: source the archetype, not the SKU"
Furniture > Decor > Clocks & Timers,Ivy Bronx,4,3,True,False,"Competitor house brand: source the archetype, not the SKU"
Furniture > Decor > Clocks & Timers,Loon Peak,4,1,True,False,"Competitor house brand: source the archetype, not the SKU"
Furniture > Decor > Clocks & Timers,17 Stories,3,2,True,False,"Competitor house brand: source the archetype, not the SKU"
Furniture > Decor > Clocks & Timers,August Grove,3,3,True,False,"Competitor house brand: source the archetype, not the SKU"
Furniture > Decor > Clocks & Timers,Ophelia & Co.,3,4,True,False,"Competitor house brand: source the archetype, not the SKU"
Furniture > Decor > Clocks & Timers,Bedford Clocks,2,1,False,False,Independent brand: recruit as a marketplace seller
Furniture > Decor > Clocks & Timers,Darby Home Co,2,1,True,False,"Competitor house brand: source the archetype, not the SKU"
Furniture > Decor > Clocks & Timers,Everly Quinn,2,2,True,False,"Competitor house brand: source the archetype, not the SKU"
Furniture > Decor > Clocks & Timers,George Oliver,2,3,True,False,"Competitor house brand: source the archetype, not the SKU"
Furniture > Decor > Clocks & Timers,Hermle,2,1,False,False,Independent brand: recruit as a marketplace seller
Furniture > Decor > Clocks & Timers,Lark Manor,2,1,True,False,"Competitor house brand: source the archetype, not the SKU"
Furniture > Decor > Clocks & Timers,Laurel Foundry Modern Farmhouse,2,2,True,False,"Competitor house brand: source the archetype, not the SKU"
Furniture > Decor > Clocks & Timers,Millwood Pines,2,2,True,False,"Competitor house brand: source the archetype, not the SKU"
Furniture > Decor > Clocks & Timers,ORIXFORCE,2,1,False,False,Independent brand: recruit as a marketplace seller
Furniture > Decor > Clocks & Timers,The Holiday Aisle,2,2,False,False,Independent brand: recruit as a marketplace seller
Furniture > Decor > Clocks & Timers,Trent Austin Design,2,2,True,False,"Competitor house brand: source the archetype, not the SKU"
Furniture > Decor > Clocks & Timers,Trinx,2,2,False,False,Independent brand: recruit as a marketplace seller
Furniture > Decor > Clocks & Timers,Wade Logan,2,2,True,False,"Competitor house brand: source the archetype, not the SKU"
Furniture > Decor > Clocks & Timers,Winston Porter,2,2,True,False,"Competitor house brand: source the archetype, not the SKU"
Furniture > Decor > Clocks & Timers,Bay Isle Home,1,1,True,False,"Competitor house brand: source the archetype, not the SKU"
Furniture > Decor > Clocks & Timers,Bloomsbury Market,1,1,True,False,"Competitor house brand: source the archetype, not the SKU"
Furniture > Decor > Clocks & Timers,Bulova Clocks,1,1,False,False,Independent brand: recruit as a marketplace seller
Furniture > Decor > Clocks & Timers,Corrigan Studio,1,1,True,False,"Competitor house brand: source the archetype, not the SKU"
Furniture > Decor > Clocks & Timers,FRONG,1,1,False,False,Independent brand: recruit as a marketplace seller
Furniture > Decor > Clocks & Timers,Gracie Oaks,1,1,True,False,"Competitor house brand: source the archetype, not the SKU"
Furniture > Decor > Clocks & Timers,HAPPY LIFE,1,1,False,False,Independent brand: recruit as a marketplace seller
Furniture > Decor > Clocks & Timers,HUYGENS,1,1,False,False,Independent brand: recruit as a marketplace seller
Furniture > Decor > Clocks & Timers,Hermle Black Forest Clocks,1,1,False,False,Independent brand: recruit as a marketplace seller
Furniture > Decor > Clocks & Timers,Highland Dunes,1,1,True,False,"Competitor house brand: source the archetype, not the SKU"
Furniture > Decor > Clocks & Timers,House of Hampton,1,1,True,False,"Competitor house brand: source the archetype, not the SKU"
Furniture > Decor > Clocks & Timers,Howard Miller,1,1,False,False,Independent brand: recruit as a marketplace seller
Furniture > Decor > Clocks & Timers,Ivation,1,1,False,False,Independent brand: recruit as a marketplace seller
Furniture > Decor > Clocks & Timers,Nomon,1,1,False,False,Independent brand: recruit as a marketplace seller
Furniture > Decor > Clocks & Timers,One Allium Way,1,1,False,False,Independent brand: recruit as a marketplace seller
Furniture > Decor > Clocks & Timers,Orren Ellis,1,1,True,False,"Competitor house brand: source the archetype, not the SKU"
Furniture > Decor > Clocks & Timers,Rosdorf Park,1,1,True,False,"Competitor house brand: source the archetype, not the SKU"
Furniture > Decor > Clocks & Timers,Rosecliff Heights,1,1,True,False,"Competitor house brand: source the archetype, not the SKU"
Furniture > Decor > Clocks & Timers,Stella Trek,1,1,False,False,Independent brand: recruit as a marketplace seller
Furniture > Decor > Clocks & Timers,Willa Arlo Interiors,1,1,True,False,"Competitor house brand: source the archetype, not the SKU"
Furniture > Decor > Clocks & Timers,Williston Forge,1,1,True,False,"Competitor house brand: source the archetype, not the SKU"
Furniture > Decor > Clocks & Timers,World Menagerie,1,1,True,False,"Competitor house brand: source the archetype, not the SKU"
Furniture > Desks > Office Desks,Ebern Designs,53,10,True,False,"Competitor house brand: source the archetype, not the SKU"
Furniture > Desks > Office Desks,Inbox Zero,40,8,True,False,"Competitor house brand: source the archetype, not the SKU"
Furniture > Desks > Office Desks,Latitude Run,23,7,True,False,"Competitor house brand: source the archetype, not the SKU"
Furniture > Desks > Office Desks,17 Stories,19,9,True,False,"Competitor house brand: source the archetype, not the SKU"
Furniture > Desks > Office Desks,George Oliver,16,7,True,False,"Competitor house brand: source the archetype, not the SKU"
Furniture > Desks > Office Desks,Williston Forge,16,6,True,False,"Competitor house brand: source the archetype, not the SKU"
Furniture > Desks > Office Desks,Mercer41,10,5,True,False,"Competitor house brand: source the archetype, not the SKU"
Furniture > Desks > Office Desks,Gracie Oaks,9,6,True,False,"Competitor house brand: source the archetype, not the SKU"
Furniture > Desks > Office Desks,Hokku Designs,9,6,True,False,"Competitor house brand: source the archetype, not the SKU"
Furniture > Desks > Office Desks,Wrought Studio,9,6,True,False,"Competitor house brand: source the archetype, not the SKU"
Furniture > Desks > Office Desks,Orren Ellis,8,3,True,False,"Competitor house brand: source the archetype, not the SKU"
Furniture > Desks > Office Desks,Cozynest,5,2,False,False,Independent brand: recruit as a marketplace seller
Furniture > Desks > Office Desks,Rosalind Wheeler,4,2,True,False,"Competitor house brand: source the archetype, not the SKU"
Furniture > Desks > Office Desks,AllModern,3,2,True,False,"Competitor house brand: source the archetype, not the SKU"
Furniture > Desks > Office Desks,August Grove,3,3,True,False,"Competitor house brand: source the archetype, not the SKU"
Furniture > Desks > Office Desks,Everly Quinn,3,4,True,False,"Competitor house brand: source the archetype, not the SKU"
Furniture > Desks > Office Desks,Groove Interior,3,1,False,False,Independent brand: recruit as a marketplace seller
Furniture > Desks > Office Desks,Ivy Bronx,3,1,True,False,"Competitor house brand: source the archetype, not the SKU"
Furniture > Desks > Office Desks,Laurel Foundry Modern Farmhouse,3,2,True,False,"Competitor house brand: source the archetype, not the SKU"
Furniture > Desks > Office Desks,PensivePerch,3,3,False,False,Independent brand: recruit as a marketplace seller
Furniture > Desks > Office Desks,Red Barrel Studio,3,3,True,False,"Competitor house brand: source the archetype, not the SKU"
Furniture > Desks > Office Desks,Brayden Studio,2,2,True,False,"Competitor house brand: source the archetype, not the SKU"
Furniture > Desks > Office Desks,Corrigan Studio,2,1,True,False,"Competitor house brand: source the archetype, not the SKU"
Furniture > Desks > Office Desks,Etta Avenue,2,2,True,False,"Competitor house brand: source the archetype, not the SKU"
Furniture > Desks > Office Desks,Lark Manor,2,2,True,False,"Competitor house brand: source the archetype, not the SKU"
Furniture > Desks > Office Desks,Rebrilliant,2,2,True,False,"Competitor house brand: source the archetype, not the SKU"
Furniture > Desks > Office Desks,Simpli Home,2,3,False,False,Independent brand: recruit as a marketplace seller
Furniture > Desks > Office Desks,Wren Decors,2,1,False,False,Independent brand: recruit as a marketplace seller
Furniture > Desks > Office Desks,Alpha Trent Crest,1,1,False,False,Independent brand: recruit as a marketplace seller
Furniture > Desks > Office Desks,AutoJoy Club,1,1,False,False,Independent brand: recruit as a marketplace seller
Furniture > Desks > Office Desks,Breakwater Bay,1,1,True,False,"Competitor house brand: source the archetype, not the SKU"
Furniture > Desks > Office Desks,Canora Grey,1,1,True,False,"Competitor house brand: source the archetype, not the SKU"
Furniture > Desks > Office Desks,Dakota Fields,1,1,True,False,"Competitor house brand: source the archetype, not the SKU"
Furniture > Desks > Office Desks,Darby Home Co,1,1,True,False,"Competitor house brand: source the archetype, not the SKU"
Furniture > Desks > Office Desks,East Urban Home,1,1,True,False,"Competitor house brand: source the archetype, not the SKU"
Furniture > Desks > Office Desks,Foundry Select,1,1,False,False,Independent brand: recruit as a marketplace seller
Furniture > Desks > Office Desks,Furnire Lewi,1,1,False,False,Independent brand: recruit as a marketplace seller
Furniture > Desks > Office Desks,HomeRoots,1,1,False,False,Independent brand: recruit as a marketplace seller
Furniture > Desks > Office Desks,Joss & Main,1,1,True,False,"Competitor house brand: source the archetype, not the SKU"
Furniture > Desks > Office Desks,Loon Peak,1,1,True,False,"Competitor house brand: source the archetype, not the SKU"
Furniture > Desks > Office Desks,Millwood Pines,1,1,True,False,"Competitor house brand: source the archetype, not the SKU"
Furniture > Desks > Office Desks,One Allium Way,1,1,False,False,Independent brand: recruit as a marketplace seller
Furniture > Desks > Office Desks,Three Posts,1,1,True,False,"Competitor house brand: source the archetype, not the SKU"
Furniture > Desks > Office Desks,Three Posts Baby & Kids,1,1,False,False,Independent brand: recruit as a marketplace seller
Furniture > Desks > Office Desks,Trent Austin Design,1,1,True,False,"Competitor house brand: source the archetype, not the SKU"
Furniture > Desks > Office Desks,Wade Logan,1,1,True,False,"Competitor house brand: source the archetype, not the SKU"
Furniture > Lamps & Lighting > Desk Lamps,Breakwater Bay,10,2,True,False,"Competitor house brand: source the archetype, not the SKU"
Furniture > Lamps & Lighting > Desk Lamps,Latitude Run,9,5,True,False,"Competitor house brand: source the archetype, not the SKU"
Furniture > Lamps & Lighting > Desk Lamps,Mercer41,7,7,True,False,"Competitor house brand: source the archetype, not the SKU"
Furniture > Lamps & Lighting > Desk Lamps,Ivy Bronx,6,3,True,False,"Competitor house brand: source the archetype, not the SKU"
Furniture > Lamps & Lighting > Desk Lamps,Wrought Studio,5,5,True,False,"Competitor house brand: source the archetype, not the SKU"
Furniture > Lamps & Lighting > Desk Lamps,AllModern,4,3,True,False,"Competitor house brand: source the archetype, not the SKU"
Furniture > Lamps & Lighting > Desk Lamps,Astoria Grand,3,2,True,False,"Competitor house brand: source the archetype, not the SKU"
Furniture > Lamps & Lighting > Desk Lamps,East Urban Home,3,2,True,False,"Competitor house brand: source the archetype, not the SKU"
Furniture > Lamps & Lighting > Desk Lamps,Ebern Designs,3,2,True,False,"Competitor house brand: source the archetype, not the SKU"
Furniture > Lamps & Lighting > Desk Lamps,Everly Quinn,3,3,True,False,"Competitor house brand: source the archetype, not the SKU"
Furniture > Lamps & Lighting > Desk Lamps,Hokku Designs,3,3,True,False,"Competitor house brand: source the archetype, not the SKU"
Furniture > Lamps & Lighting > Desk Lamps,Loon Peak,3,2,True,False,"Competitor house brand: source the archetype, not the SKU"
Furniture > Lamps & Lighting > Desk Lamps,Meyda Lighting,3,1,False,False,Independent brand: recruit as a marketplace seller
Furniture > Lamps & Lighting > Desk Lamps,Nova of California,3,2,False,False,Independent brand: recruit as a marketplace seller
Furniture > Lamps & Lighting > Desk Lamps,Tala,3,1,False,False,Independent brand: recruit as a marketplace seller
Furniture > Lamps & Lighting > Desk Lamps,Bloomsbury Market,2,1,True,False,"Competitor house brand: source the archetype, not the SKU"
Furniture > Lamps & Lighting > Desk Lamps,Corrigan Studio,2,2,True,False,"Competitor house brand: source the archetype, not the SKU"
Furniture > Lamps & Lighting > Desk Lamps,George Oliver,2,3,True,False,"Competitor house brand: source the archetype, not the SKU"
Furniture > Lamps & Lighting > Desk Lamps,Pasargad,2,2,False,False,Independent brand: recruit as a marketplace seller
Furniture > Lamps & Lighting > Desk Lamps,Red Barrel Studio,2,2,True,False,"Competitor house brand: source the archetype, not the SKU"
Furniture > Lamps & Lighting > Desk Lamps,Rosdorf Park,2,2,True,False,"Competitor house brand: source the archetype, not the SKU"
Furniture > Lamps & Lighting > Desk Lamps,World Menagerie,2,2,True,False,"Competitor house brand: source the archetype, not the SKU"
Furniture > Lamps & Lighting > Desk Lamps,Artiva USA,1,1,False,False,Independent brand: recruit as a marketplace seller
Furniture > Lamps & Lighting > Desk Lamps,August Grove,1,2,True,False,"Competitor house brand: source the archetype, not the SKU"
Furniture > Lamps & Lighting > Desk Lamps,BTY,1,1,False,False,Independent brand: recruit as a marketplace seller
Furniture > Lamps & Lighting > Desk Lamps,Birch Lane,1,1,True,False,"Competitor house brand: source the archetype, not the SKU"
Furniture > Lamps & Lighting > Desk Lamps,Brayden Studio,1,1,True,False,"Competitor house brand: source the archetype, not the SKU"
Furniture > Lamps & Lighting > Desk Lamps,Brightech,1,1,False,False,Independent brand: recruit as a marketplace seller
Furniture > Lamps & Lighting > Desk Lamps,Greyleigh,1,1,True,False,"Competitor house brand: source the archetype, not the SKU"
Furniture > Lamps & Lighting > Desk Lamps,Longshore Tides,1,1,True,False,"Competitor house brand: source the archetype, not the SKU"
Furniture > Lamps & Lighting > Desk Lamps,Mr. Willies Lighting,1,1,False,False,Independent brand: recruit as a marketplace seller
Furniture > Lamps & Lighting > Desk Lamps,Orren Ellis,1,1,True,False,"Competitor house brand: source the archetype, not the SKU"
Furniture > Lamps & Lighting > Desk Lamps,OttLite,1,1,False,True,Quick win: already a Staples supplier
Furniture > Lamps & Lighting > Desk Lamps,Union Rustic,1,1,True,False,"Competitor house brand: source the archetype, not the SKU"
Furniture > Lamps & Lighting > Desk Lamps,Winston Porter,1,1,True,False,"Competitor house brand: source the archetype, not the SKU"
Furniture > Lamps & Lighting > Desk Lamps,Zoomie Kids,1,1,True,False,"Competitor house brand: source the archetype, not the SKU"
Office Supplies > Calendars & Planners > Planners & Personal Organizers,,110,8,False,False,Independent brand: recruit as a marketplace seller
Office Supplies > Calendars & Planners > Planners & Personal Organizers,AT-A-GLANCE,5,3,False,True,Quick win: already a Staples supplier
Office Supplies > Calendars & Planners > Planners & Personal Organizers,Peter Pauper Press,4,2,False,False,Independent brand: recruit as a marketplace seller
Office Supplies > Calendars & Planners > Planners & Personal Organizers,WANDERINGS,3,1,False,False,Independent brand: recruit as a marketplace seller
Office Supplies > Calendars & Planners > Planners & Personal Organizers,BEZEND,2,2,False,False,Independent brand: recruit as a marketplace seller
Office Supplies > Calendars & Planners > Planners & Personal Organizers,Blue Sky,2,2,False,True,Quick win: already a Staples supplier
Office Supplies > Calendars & Planners > Planners & Personal Organizers,Moleskine,2,1,False,False,Independent brand: recruit as a marketplace seller
Office Supplies > Calendars & Planners > Planners & Personal Organizers,AKONEGE,1,1,False,False,Independent brand: recruit as a marketplace seller
Office Supplies > Calendars & Planners > Planners & Personal Organizers,AT-A-Glance,1,1,False,True,Quick win: already a Staples supplier
Office Supplies > Calendars & Planners > Planners & Personal Organizers,BIROYAL,1,1,False,False,Independent brand: recruit as a marketplace seller
Office Supplies > Calendars & Planners > Planners & Personal Organizers,CAGIE,1,2,False,False,Independent brand: recruit as a marketplace seller
Office Supplies > Calendars & Planners > Planners & Personal Organizers,Comix,1,1,False,False,Independent brand: recruit as a marketplace seller
Office Supplies > Calendars & Planners > Planners & Personal Organizers,Fan&Ran,1,1,False,False,Independent brand: recruit as a marketplace seller
Office Supplies > Calendars & Planners > Planners & Personal Organizers,Fringe,1,1,False,True,Quick win: already a Staples supplier
Office Supplies > Calendars & Planners > Planners & Personal Organizers,GIFTBYGIFTY,1,1,False,False,Independent brand: recruit as a marketplace seller
Office Supplies > Calendars & Planners > Planners & Personal Organizers,HAMIEW,1,1,False,False,Independent brand: recruit as a marketplace seller
Office Supplies > Calendars & Planners > Planners & Personal Organizers,House of Doolittle,1,1,False,True,Quick win: already a Staples supplier
Office Supplies > Calendars & Planners > Planners & Personal Organizers,Inc. Peter Pauper Press,1,1,False,False,Independent brand: recruit as a marketplace seller
Office Supplies > Calendars & Planners > Planners & Personal Organizers,JUBTIC,1,1,False,False,Independent brand: recruit as a marketplace seller
Office Supplies > Calendars & Planners > Planners & Personal Organizers,JXSELECT,1,1,False,False,Independent brand: recruit as a marketplace seller
Office Supplies > Calendars & Planners > Planners & Personal Organizers,LANG,1,1,False,False,Independent brand: recruit as a marketplace seller
Office Supplies > Calendars & Planners > Planners & Personal Organizers,LEATHER,1,2,False,False,Independent brand: recruit as a marketplace seller
Office Supplies > Calendars & Planners > Planners & Personal Organizers,LEUCHTTURM1917,1,1,False,False,Independent brand: recruit as a marketplace seller
Office Supplies > Calendars & Planners > Planners & Personal Organizers,MUJI,1,2,False,False,Independent brand: recruit as a marketplace seller
Office Supplies > Calendars & Planners > Planners & Personal Organizers,Mead,1,1,False,True,Quick win: already a Staples supplier
Office Supplies > Calendars & Planners > Planners & Personal Organizers,PAPERAGE,1,1,False,False,Independent brand: recruit as a marketplace seller
Office Supplies > Calendars & Planners > Planners & Personal Organizers,POPRUN,1,1,False,False,Independent brand: recruit as a marketplace seller
Office Supplies > Calendars & Planners > Planners & Personal Organizers,PlanAhead,1,1,False,True,Quick win: already a Staples supplier
Office Supplies > Calendars & Planners > Planners & Personal Organizers,SOLIGT,1,1,False,False,Independent brand: recruit as a marketplace seller
Office Supplies > Calendars & Planners > Planners & Personal Organizers,TIEFOSSI,1,1,False,False,Independent brand: recruit as a marketplace seller
Office Supplies > Calendars & Planners > Planners & Personal Organizers,TREES,1,1,False,False,Independent brand: recruit as a marketplace seller
Office Supplies > Calendars & Planners > Planners & Personal Organizers,Wendy Brinton,1,1,False,False,Independent brand: recruit as a marketplace seller
Office Supplies > Calendars & Planners > Planners & Personal Organizers,YINOCHE,1,1,False,False,Independent brand: recruit as a marketplace seller
Office Supplies > Calendars & Planners > Planners & Personal Organizers,at-A-Glance,1,1,False,True,Quick win: already a Staples supplier
Office Supplies > Desk Organizers & Accessories > Desk Organizers,,9,4,False,False,Independent brand: recruit as a marketplace seller
Office Supplies > Desk Organizers & Accessories > Desk Organizers,BEYGORM,1,1,False,False,Independent brand: recruit as a marketplace seller
Office Supplies > Desk Organizers & Accessories > Desk Pads,,5,3,False,False,Independent brand: recruit as a marketplace seller
Office Supplies > Desk Organizers & Accessories > Desk Pads,Dacasso,4,2,False,False,Independent brand: recruit as a marketplace seller
Office Supplies > Desk Organizers & Accessories > Desk Pads,DACASSO,2,1,False,False,Independent brand: recruit as a marketplace seller
