name,parent_path,decision
Acrylic and Tempera Paints,School Supplies > Art & Craft Supplies,place
Active Seating,Furniture > Chairs & Seating,place
Art and Craft Paper,School Supplies > Art & Craft Supplies,place
Art Markers,School Supplies > Art & Craft Supplies,place
Art Pencils and Pens,School Supplies > Art & Craft Supplies,place
Art Supplies,,drop: generic hub page for the Art & Craft Supplies aisle (its children are placed)
Audio Tapes,Electronics > Audio,place
Balls,School Supplies > Instructional Resources,place
Bedding Sets,Furniture > Bedroom > Bedding,place
Bulletin Board Sets,School Supplies > Instructional Resources,place
Canvas and Art Boards,School Supplies > Art & Craft Supplies,place
Cash Boxes Coin Handling and Key Control,,drop: same category as Office Supplies > Retail Store Supplies > Cash Boxes & Coin Handling
Catalog Envelopes,"Office Supplies > Mailing, Packing & Shipping > Envelopes",place
Chalk,School Supplies > Instructional Resources,place
Classroom Art,School Supplies > Instructional Resources,place
Classroom Decorations,School Supplies > Instructional Resources,place
Classroom Early Learning,School Supplies > Instructional Resources,place
Classroom Furniture,School Supplies > School Furniture,place
Classroom Games and Rewards,School Supplies > Instructional Resources,place
Classroom Language Arts,School Supplies > Instructional Resources,place
Classroom Math,School Supplies > Instructional Resources,place
Classroom Reading and Writing,School Supplies > Instructional Resources,place
Classroom Science,School Supplies > Instructional Resources,place
Classroom Social Studies,School Supplies > Instructional Resources,place
Classroom Teaching Resources,School Supplies > Instructional Resources,place
Clay and Modeling,School Supplies > Art & Craft Supplies,place
Coat Hooks Racks and Hangers,Furniture > Office Decor,place
Colored Pencils,School Supplies > Art & Craft Supplies,place
Coloring and Activity Books,School Supplies > Art & Craft Supplies,place
Coloring and Drawing,School Supplies > Art & Craft Supplies,place
Construction Paper,School Supplies > Art & Craft Supplies,place
Craft and Tissue Paper,School Supplies > Art & Craft Supplies,place
Craft Kits,School Supplies > Art & Craft Supplies,place
Craft Supplies,,drop: generic hub page for the Art & Craft Supplies aisle (its children are placed)
Craft Tools and Machines,School Supplies > Art & Craft Supplies,place
Crafting,,drop: generic hub page for the Art & Craft Supplies aisle (its children are placed)
Crayons,School Supplies > Art & Craft Supplies,place
Deal Center,,drop: merchandising page (deals)
Dividers and Tabs,,drop: same category as Office Supplies > Binders & Accessories > Dividers & Tabs
Doorstops,Furniture > Furniture Accessories,place
Drawing Pads and Sketchbooks,School Supplies > Art & Craft Supplies,place
Dvd Rw Rewritable Discs,Computers & Accessories > Data Storage & Media,place
Eye Drops,Breakroom > First Aid,place
Flash Cards,School Supplies > Instructional Resources,place
Fountain Pens,Office Supplies > Writing Supplies > Pens,place
Gel Pens,Office Supplies > Writing Supplies > Pens,place
Infection Control Spray,Cleaning > Medical Supplies > Infection Control,place
Internal Cd and Dvd Drives,,drop: same category as Computers & Accessories > Data Storage & Media > CD & DVD Drives
Key Cabinets Racks and Holders,Furniture > Storage Cabinets & Shelving Units,place
Megaphones,Electronics > Audio,place
Networking and Cables,,drop: same category as Electronics > Networking & Cables
Office Equipment,,drop: same category as Electronics > Office Equipment
Oil Pastels and Paint,School Supplies > Art & Craft Supplies,place
Paint Accessories,School Supplies > Art & Craft Supplies,place
Paint Brushes,School Supplies > Art & Craft Supplies,place
Painting Supplies,School Supplies > Art & Craft Supplies,place
Pda Batteries,Electronics > Batteries & Power Protection,place
Pedometers,Electronics > Wearable Technology,place
Playground Equipment,Equipment > Public Spaces,place
Playground Toys,Equipment > Public Spaces,place
Poly Mailers,,"drop: same category as Office Supplies > Mailing, Packing & Shipping > Mailers"
Proprietary Items,,drop: not a category (internal page)
Shaving,Cleaning > Personal Care,place
Stamp Accessories,,drop: same category as Office Supplies > Basic Supplies > Stamps & Stamp Pads
Stencils and Letters,School Supplies > Art & Craft Supplies,place
Stickers,School Supplies > Instructional Resources,place
Stopwatches,School Supplies > Instructional Resources,place
Storage Bags,School Supplies > Storage,place
Storage Cabinets and Shelving Units,,drop: same category as Furniture > Storage Cabinets & Shelving Units
Table Sets,Furniture > Tables,place
Teacher Planners,School Supplies > Teacher Supplies,place
Teacher Supplies,,drop: same category as School Supplies > Teacher Supplies
Teaching Aids,School Supplies > Teacher Supplies,place
Technology,,drop: too generic to place (no breadcrumb)
Tricycles,Equipment > Public Spaces,place
Tv Tuners,Electronics > TVs & Home Theater,place
Wastebaskets,Cleaning > Trash Cans & Bags,place
Watercolor Paint,School Supplies > Art & Craft Supplies,place
Whistles,School Supplies > Instructional Resources,place
Work Order Forms,Office Supplies > Business Forms & Bookkeeping > Business Forms,place
