label,name,lead,n_units,n_enter,n_deepen,units,aisle,aisles,theme,mission,O_sum,O_max,AAS,CRS,BFS,EASE,GS,PC_b2b_max,PC_mkt_max,k_max,carriers,b2b_channels,best_evidence,p_zone,p_gap,complexity,example_paths,unit_ids,rank_in_zone,opportunity_id
CURATE,Retail Store Supplies: Sewing & Tailoring,Garment Steamers & Irons,3,0,3,Garment Steamers & Irons | Sewing Machines | Fabric,Retail Store Supplies > Sewing & Tailoring,Retail Store Supplies > Sewing & Tailoring,"Celebrations, gifting & creativity",Healthcare & clinics,1.4009299656904668,0.5178271048552913,73.46839875895914,32.54637031015111,45.986826285191164,100.0,0.8640781067008974,0.3333333333333333,1.0,3,"Amazon, OfficeDepot, Walmart",OfficeDepot,A,0.7727161273081937,,,Retail Store Supplies > Sewing & Tailoring > Garment Steamers & Irons | Retail Store Supplies > Sewing & Tailoring > Sewing Machines | Retail Store Supplies > Sewing & Tailoring > Fabric,"D0087, D0088, D0086",1,OP01
CURATE,"Facilities: Adhesives, Sealants and Patching, Work Lights, Hardware",Concrete & Asphalt Maintenance (e.g. Glass Cleaners),3,0,3,"Concrete & Asphalt Maintenance (e.g. Glass Cleaners) | Work Lights | Chain, Rope & Tie Downs","Facilities > Adhesives, Sealants and Patching","Facilities > Adhesives, Sealants and Patching | Facilities > Hardware | Facilities > Work Lights","Health, safety & facilities",Janitorial & facilities,1.3657799749694002,0.531690092616018,74.25303028079044,35.74405298304796,78.91114444531993,90.0,0.7043203183511975,1.0,0.5,3,"Amazon, OfficeDepot, Walmart, Wayfair","OfficeDepot, Walmart for Business, Wayfair Professional",A,0.6506989163146123,,,"Facilities > Adhesives, Sealants and Patching > Concrete & Asphalt Maintenance | Facilities > Work Lights | Facilities > Hardware > Chain, Rope & Tie Downs","D0029, D0036, D0032",2,OP02
CURATE,Arts & Crafts: Crafting,Clay and Modeling,2,1,1,Clay and Modeling | Craft Supplies,Arts & Crafts > Crafting,Arts & Crafts > Crafting,"Celebrations, gifting & creativity",School & classroom,1.1835137967010236,0.6263827710282233,77.58925619367457,12.443835855213827,69.60302606128154,86.7807337819345,0.8345659041098865,0.3333333333333333,1.0,2,"Amazon, OfficeDepot, Walmart",OfficeDepot,B,0.9952877064872262,1.0,,OfficeDepot: School Supplies > Art & Craft Supplies > Clay and Modeling | Arts & Crafts > Crafting > Craft Supplies,"E0343, D0005",3,OP03
CURATE,"Furniture: Storage Furniture, Home & Office Tables",Workbenches,2,2,0,Workbenches | Buffet Tables & Sideboards,Furniture > Storage Furniture,Furniture > Home & Office Tables | Furniture > Storage Furniture,Home décor & furnishings,Commercial grounds & outdoor,1.153526950150224,0.6275030962902854,77.63750340306723,0.335371285136747,59.85981346887266,75.00000000000001,0.8202441855158786,0.3333333333333333,0.5,3,"Walmart, Wayfair, WestElm",Wayfair Professional,A,0.9704434730165231,1.0,,Wayfair: Facilities & Maintenance > Maintenance Storage > Workbenches | WestElm: Furniture > Dining & Kitchen > Buffet Tables & Sideboards,"E0111, E0060",4,OP04
CURATE,"Appliances & Kitchenware: Major Appliances, Kitchenware",Refrigerators,2,0,2,Refrigerators | Dining & Tableware,Appliances & Kitchenware > Major Appliances,Appliances & Kitchenware > Kitchenware | Appliances & Kitchenware > Major Appliances,"Breakroom, kitchen & hospitality",Hospitality & foodservice,1.0722016807604078,0.6049374250482424,74.39288864119479,33.3415873941434,72.720060966202,95.63025525304185,0.8445629903737114,1.0,1.0,4,"Amazon, OfficeDepot, Walmart, Wayfair, WestElm","OfficeDepot, Walmart for Business, Wayfair Professional",A,0.8264538287956278,,,Appliances & Kitchenware > Major Appliances > Refrigerators | Appliances & Kitchenware > Kitchenware > Dining & Tableware,"D0001, D0000",5,OP05
CURATE,Printers & Scanners: Scanners & Scanner Accessories,Printing Presses & Accessories,1,1,0,Printing Presses & Accessories,Printers & Scanners > Scanners & Scanner Accessories,Printers & Scanners > Scanners & Scanner Accessories,Technology & connected workspace,Office & business supplies,0.7325327585573317,0.7325327585573317,69.00452384154141,0.0,67.74799532055572,100.0,0.8457554365816099,0.3333333333333333,1.0,2,"Amazon, Walmart",Walmart for Business,B,0.9639999999999999,1.0,,"Amazon: Arts, Crafts & Sewing > Printmaking > Printing Presses & Accessories",E0396,6,OP06
CURATE,Fitness: Fitness Equipment,Weight Benches,1,1,0,Weight Benches,Fitness > Fitness Equipment,Fitness > Fitness Equipment,Wellness & ergonomics,Commercial grounds & outdoor,0.5427859999871781,0.5427859999871781,85.33136191077136,10.06027947259399,42.40413244203303,75.0,0.9101852554522952,0.3333333333333333,0.5,2,"Walmart, Wayfair",Wayfair Professional,B,0.966,1.0,,Wayfair: Outdoor > Fitness > Weight Benches,E0129,7,OP07
CURATE,"Phones, Cameras & Electronics: Phones & Accessories",Office Phones,1,0,1,Office Phones,"Phones, Cameras & Electronics > Phones & Accessories","Phones, Cameras & Electronics > Phones & Accessories",Technology & connected workspace,Technology for work,0.5031538309348453,0.5031538309348453,84.02069072904001,34.43037690757304,86.66666666666666,90.0,0.8310694877317235,0.6666666666666666,0.5,2,"OfficeDepot, Walmart","OfficeDepot, Walmart for Business",B,0.782,,,"Phones, Cameras & Electronics > Phones & Accessories > Office Phones",D0080,8,OP08
CURATE,Audio: Headphones,Headphones,1,0,1,Headphones,Audio > Headphones,Audio > Headphones,Technology & connected workspace,Technology for work,0.4010569290030761,0.4010569290030761,92.71480352070978,36.225618273029085,40.63512608186214,90.0,0.8790617872693346,0.3333333333333333,0.5,2,"Amazon, OfficeDepot",OfficeDepot,B,0.634,,,Audio > Headphones,D0007,9,OP09
CURATE,"Tools, Parts & Supplies: Measuring & Leveling Tools",Industrial Tape,1,0,1,Industrial Tape,"Tools, Parts & Supplies > Measuring & Leveling Tools","Tools, Parts & Supplies > Measuring & Leveling Tools","Health, safety & facilities",Retail store & shipping,0.3822965619858212,0.3822965619858212,73.59791536664493,36.5802212751513,58.522372833256625,90.0,0.6579672159139418,0.3333333333333333,0.5,2,"Amazon, OfficeDepot",OfficeDepot,B,0.6799999999999999,,,"Tools, Parts & Supplies > Measuring & Leveling Tools > Industrial Tape",D0094,10,OP10
CURATE,Restaurant & Foodservice Supplies: Tabletop,Serveware,1,0,1,Serveware,Restaurant & Foodservice Supplies > Tabletop,Restaurant & Foodservice Supplies > Tabletop,"Breakroom, kitchen & hospitality",Hospitality & foodservice,0.36983634179020836,0.36983634179020836,78.18099516015688,38.907116900888724,86.66666666666667,65.0,0.5595276572167329,0.6666666666666666,0.0,2,"OfficeDepot, Wayfair","OfficeDepot, Wayfair Professional",B,0.56,,,Restaurant & Foodservice Supplies > Tabletop > Serveware,D0085,11,OP11
VERTICAL EXTENSION,"Furniture: Decor, Chairs & Seating",Home & Office Decor (e.g. Room Dividers),4,1,3,Home & Office Decor (e.g. Room Dividers) | Rugs | Dressers | Sofas & Benches,Furniture > Decor,Furniture > Chairs & Seating | Furniture > Decor,Home décor & furnishings,Office & home-office furniture,2.122311459237739,0.6500928936841566,66.80191515625009,14.587374113113306,48.31373277960122,74.74433525185216,0.8076507544324355,1.0,1.0,4,"Amazon, OfficeDepot, Walmart, Wayfair, WestElm","OfficeDepot, Walmart for Business, Wayfair Professional",A,0.8580429644079298,1.0,bulky freight,Furniture > Decor > Home & Office Decor | Decor > Rugs | Wayfair: Baby & Kids > Teen Bedroom Furniture > Teen Dressers | Wayfair: Baby & Kids > Toddler & Kids Bedroom Furniture > Baby & Kids Dressers | WestElm: Furnit | Furniture > Chairs & Seating > Sofas & Benches,"D0051, D0028, E0046, D0044",1,OP12
VERTICAL EXTENSION,"Facilities: Material Handling, Hardware",Forklift Booms,3,3,0,Forklift Booms | Loading Dock Levelers | Lock Bolts,Facilities > Material Handling,Facilities > Hardware | Facilities > Material Handling,"Health, safety & facilities",Safety & security,1.855362359219175,0.6207419134671649,52.60567194449726,0.0,55.8875620950436,100.0,0.8518690650219842,0.0,1.0,2,"Amazon, Walmart",,B,0.7951209457215817,1.0,,Amazon: Industrial & Scientific > Material Handling Products > Forklift Booms | Amazon: Industrial & Scientific > Material Handling Products > Forklifts | Amazon: Industrial & Scientific > Material Handling Products > Loading Dock Levelers | Amazon: Industrial & Scientific > Industrial Hardware > Lock Bolts,"E0143, E0290, E0264",2,OP13
VERTICAL EXTENSION,"Tools, Parts & Supplies: Measuring & Leveling Tools, Power Tools, Hardware",Calibration,3,3,0,Calibration | Mechanical Pulleys | Address Numbers & Plaques,"Tools, Parts & Supplies > Measuring & Leveling Tools","Tools, Parts & Supplies > Hardware | Tools, Parts & Supplies > Measuring & Leveling Tools | Tools, Parts & Supplies > Power Tools","Health, safety & facilities",Janitorial & facilities,1.66207255244816,0.6045951442997453,47.398515378433615,0.0,45.46764753372409,92.752496576745,0.8641252512785741,0.0,1.0,2,"Amazon, Walmart, Wayfair",,B,0.8269785356253353,1.0,,"Amazon: Industrial & Scientific > Test, Measure & Inspect > Calibration | Amazon: Industrial & Scientific > Power Transmission Products > Mechanical Pulleys | Amazon: Tools & Home Improvement > Hardware > Address Numbers & Plaques","E0263, E0387, E0388",3,OP14
VERTICAL EXTENSION,"Appliances & Kitchenware: Major Appliances, Kitchenware, Small Appliances",Garbage Disposals,3,2,1,"Garbage Disposals | Ramekins & Souffle Dishes | Griddles, Grills & Waffle Makers",Appliances & Kitchenware > Major Appliances,Appliances & Kitchenware > Kitchenware | Appliances & Kitchenware > Major Appliances | Appliances & Kitchenware > Small Appliances,"Breakroom, kitchen & hospitality",Hospitality & foodservice,1.46784059270985,0.5619686244140728,53.27679905934236,7.370424487885459,43.44041586947561,82.04402366176528,0.7361670058517099,0.6666666666666666,1.0,2,"Amazon, OfficeDepot, Walmart, Wayfair","OfficeDepot, Wayfair Professional",B,0.7146923829658418,1.0,,"Amazon: Appliances > Garbage Disposals & Compactors > Garbage Disposals | Wayfair: Smallwares > Baking Sheets & Pans > Ramekins & Souffle Dishes | Appliances & Kitchenware > Small Appliances > Griddles, Grills & Waffle Makers","E0381, E0109, D0002",4,OP15
VERTICAL EXTENSION,Laboratory & Scientific Supplies: Educational Materials & Accessories,Microscope Sample Slides,1,1,0,Microscope Sample Slides,Laboratory & Scientific Supplies > Educational Materials & Accessories,Laboratory & Scientific Supplies > Educational Materials & Accessories,"Health, safety & facilities",School & classroom,0.6131575588174842,0.6131575588174842,47.41566520406656,0.0,57.585372762071486,100.0,0.8457554365816099,0.0,1.0,2,"Amazon, Walmart",,B,0.912,1.0,,Amazon: Industrial & Scientific > Science Education > Microscope Sample Slides,E0311,5,OP16
VERTICAL EXTENSION,Arts & Crafts: Crafting,Craft Kits,1,0,1,Craft Kits,Arts & Crafts > Crafting,Arts & Crafts > Crafting,"Celebrations, gifting & creativity",School & classroom,0.5658224058960588,0.5658224058960588,63.606445342024195,15.88148262664489,35.57045468655484,100.0,0.9295453564181165,0.3333333333333333,1.0,2,"Amazon, Walmart",OfficeDepot,B,0.44000000000000006,,,Arts & Crafts > Crafting > Craft Kits,D0004,6,OP17
VERTICAL EXTENSION,Retail Store Supplies: Time Clock Ribbons & Batteries,Compasses (e.g. Outdoor Clocks),1,0,1,Compasses (e.g. Outdoor Clocks),Retail Store Supplies > Time Clock Ribbons & Batteries,Retail Store Supplies > Time Clock Ribbons & Batteries,Outdoor living & grounds,Retail store & shipping,0.565800421328051,0.565800421328051,66.53826221307204,27.56774255007796,50.1239273741031,100.0,0.9850378561251365,0.6666666666666666,1.0,3,"Amazon, Walmart, Wayfair","OfficeDepot, Wayfair Professional",A,0.888,,,Gift Shop > Professional Gifts > Compasses,D0062,7,OP18
VERTICAL EXTENSION,TV & Streaming Media: TV & Video,TV Accessories,1,0,1,TV Accessories,TV & Streaming Media > TV & Video,TV & Streaming Media > TV & Video,Technology & connected workspace,Healthcare & clinics,0.5261299599388728,0.5261299599388728,74.56763579708145,23.267579786941326,35.16858483087037,100.0,0.9120874170660449,0.3333333333333333,1.0,2,"Amazon, Walmart",OfficeDepot,B,0.52,,,TV & Streaming Media > TV & Video > TV Accessories,D0096,8,OP19
VERTICAL EXTENSION,Safety Supplies: Fire Protection,Fire Protection,1,0,1,Fire Protection,Safety Supplies > Fire Protection,Safety Supplies > Fire Protection,"Health, safety & facilities",Safety & security,0.484726763979192,0.484726763979192,58.218684993571294,29.425666078088284,86.66666666666666,90.0,0.5522454449126949,0.6666666666666666,0.5,2,"OfficeDepot, Walmart","OfficeDepot, Wayfair Professional",B,0.656,,,Safety Supplies > Fire Protection,D0090,9,OP20
VERTICAL EXTENSION,"Coffee, Water & Snacks: Water & Beverages",Soda,1,0,1,Soda,"Coffee, Water & Snacks > Water & Beverages","Coffee, Water & Snacks > Water & Beverages","Breakroom, kitchen & hospitality",Breakroom & kitchen,0.33715226402458054,0.33715226402458054,53.83467060746302,36.96958369978819,46.89448583757843,90.0,0.557976191708861,0.3333333333333333,0.5,2,"OfficeDepot, Walmart",OfficeDepot,B,0.626,,,"Coffee, Water & Snacks > Water & Beverages > Soda",D0026,10,OP21
REVIEW,"Furniture: Lamps & Lighting, Carts & Stands, Bookcases & Bookshelves …",Outdoor Lighting,7,1,6,Outdoor Lighting | TV Stands | Bookcases & Bookshelves | Accent & Coffee Tables | Furniture Cushion & Cushion Covers | Bath Mats & Towels | Ceiling Lighting,Furniture > Lamps & Lighting,Furniture > Bookcases & Bookshelves | Furniture > Carts & Stands | Furniture > Chairs & Seating | Furniture > Decor | Furniture > Home & Office Tables | Furniture > Lamps & Lighting,Home décor & furnishings,Office & home-office furniture,2.132054599499986,0.42244286002091563,88.0446850852444,49.65238972172722,43.0884238998889,84.05862465171182,0.8390583391962225,0.6666666666666666,1.0,4,"Amazon, OfficeDepot, Walmart, Wayfair, WestElm","OfficeDepot, Wayfair Professional",A,0.6536346260510671,1.0,install required,Furniture > Lamps & Lighting > Outdoor Lighting | Furniture > Carts & Stands > TV Stands | Furniture > Bookcases & Bookshelves | Furniture > Home & Office Tables > Accent & Coffee Tables,"D0056, D0039, D0038, D0054, E0041, D0046, D0055",1,OP22
REVIEW,"Facilities: Electrical and Wiring, Bathroom Fixtures, Heating & Cooling …",Electrical (e.g. Jewelry Making Wire),5,2,3,Electrical (e.g. Jewelry Making Wire) | Bathroom Tiles & Flooring | Patio Heater Replacement Parts | Ladders & Step Stools | Humidifiers,Facilities > Electrical and Wiring,Facilities > Air Quality | Facilities > Bathroom Fixtures | Facilities > Electrical and Wiring | Facilities > Heating & Cooling | Facilities > Ladders & Step Stools,"Health, safety & facilities",Commercial grounds & outdoor,1.6633434083309555,0.39459132281740206,76.20583197060233,49.2767690356163,46.67367135029694,88.9671478298392,0.7331867032993226,1.0,1.0,4,"Amazon, OfficeDepot, Walmart, Wayfair, WestElm","OfficeDepot, Walmart for Business, Wayfair Professional",B,0.7215368723214722,1.0,install required,"Facilities > Electrical and Wiring > Electrical | Wayfair: Shop Contractor Spaces > Bathroom Renovation > Bathroom Tiles & Flooring | WestElm: Bath > Bathroom Renovation > Bathroom Hardware | Amazon: Patio, Lawn & Garden > Outdoor Heating & Cooling > Patio Heater Replacement Parts | Facilities > Ladders & Step Stools","D0031, E0032, E0204, D0035, D0030",2,OP23
REVIEW,"Coffee, Water & Snacks: Snacks & Food, Candy, Gum & Mints",Popcorn,3,0,3,Popcorn | Gummy & Chewy Candy | Nuts & Seeds,"Coffee, Water & Snacks > Snacks & Food","Coffee, Water & Snacks > Candy, Gum & Mints | Coffee, Water & Snacks > Snacks & Food","Breakroom, kitchen & hospitality",Breakroom & kitchen,0.7988071598155563,0.2945550306158236,62.0901539809637,52.48590895149215,46.80871987243296,82.13922334373319,0.5977714458513369,0.6666666666666666,0.5,2,"OfficeDepot, Walmart","OfficeDepot, Walmart for Business",B,0.7415311749649852,,perishable,"Coffee, Water & Snacks > Snacks & Food > Popcorn | Coffee, Water & Snacks > Candy, Gum & Mints > Gummy & Chewy Candy | Coffee, Water & Snacks > Snacks & Food > Nuts & Seeds","D0022, D0016, D0021",3,OP24
REVIEW,Restaurant & Foodservice Supplies: Tabletop,Dinnerware,2,0,2,Dinnerware | Flatware,Restaurant & Foodservice Supplies > Tabletop,Restaurant & Foodservice Supplies > Tabletop,"Breakroom, kitchen & hospitality",Hospitality & foodservice,0.6810740860207669,0.3633383844262877,90.62146100848395,45.86105775778444,67.86153073733391,76.68691398417951,0.7197163398410299,0.6666666666666666,0.5,2,"Walmart, Wayfair, WestElm","OfficeDepot, Wayfair Professional",B,0.7136011088549521,,,Restaurant & Foodservice Supplies > Tabletop > Dinnerware | Restaurant & Foodservice Supplies > Tabletop > Flatware,"D0083, D0084",4,OP25
REVIEW,"Appliances & Kitchenware: Major Appliances, Small Appliances",Wall Ovens,2,1,1,Wall Ovens | Microwaves,Appliances & Kitchenware > Major Appliances,Appliances & Kitchenware > Major Appliances | Appliances & Kitchenware > Small Appliances,"Breakroom, kitchen & hospitality",Hospitality & foodservice,0.6233290666930537,0.3140793675661008,75.13272627159222,49.46088915016927,48.55872989597418,70.03753653215122,0.6624037276065607,0.6666666666666666,1.0,3,"Amazon, OfficeDepot, Walmart, Wayfair","OfficeDepot, Walmart for Business, Wayfair Professional",B,0.7109174196292672,1.0,install required,"Amazon: Appliances > Ranges, Ovens & Cooktops > Wall Ovens | Appliances & Kitchenware > Small Appliances > Microwaves","E0306, D0003",5,OP26
REVIEW,Office Supplies: Storage & Organization,Storage Baskets,2,1,1,Storage Baskets | Natural Material Storage,Office Supplies > Storage & Organization,Office Supplies > Storage & Organization,Core office & business supplies,Commercial grounds & outdoor,0.4281491409475412,0.2527391264892267,85.23861619286265,59.874943140033494,36.91749694326377,83.79414136330952,0.7264798246222425,0.3333333333333333,0.5,2,"Walmart, Wayfair",Wayfair Professional,B,0.5111059392719428,1.0,,Office Supplies > Storage & Organization > Storage Baskets | Wayfair: Organization > Garage & Outdoor Storage & Organization > Natural Material Storage,"D0069, E0165",6,OP27
REVIEW,School Supplies: Learning at Home,Educational & STEM Toys,1,0,1,Educational & STEM Toys,School Supplies > Learning at Home,School Supplies > Learning at Home,"Celebrations, gifting & creativity",School & classroom,0.4134729294171903,0.4134729294171903,75.39548544800081,45.79397079900521,73.33333333333333,100.0,0.9090251355712615,0.3333333333333333,1.0,3,"Amazon, Walmart, Wayfair",Wayfair Professional,A,0.728,,,School Supplies > Learning at Home > Educational & STEM Toys,D0091,7,OP28
REVIEW,Cleaning Supplies: Pest Control,Pest Control,1,0,1,Pest Control,Cleaning Supplies > Pest Control,Cleaning Supplies > Pest Control,"Health, safety & facilities",Janitorial & facilities,0.38913335698614104,0.38913335698614104,50.505117466054344,42.93973289897032,51.41725917872208,100.0,0.9114012060504009,0.3333333333333333,1.0,2,"Amazon, Walmart",OfficeDepot,B,0.624,,,Cleaning Supplies > Pest Control,D0009,8,OP29
REVIEW,"Phones, Cameras & Electronics: Cell Phone Accessories",Cell Phone Accessories,1,0,1,Cell Phone Accessories,"Phones, Cameras & Electronics > Cell Phone Accessories","Phones, Cameras & Electronics > Cell Phone Accessories",Technology & connected workspace,Technology for work,0.37814594775333354,0.37814594775333354,91.0597506348825,43.553070110746745,61.6202628351306,90.0,0.8894486086108444,0.3333333333333333,0.5,2,"OfficeDepot, Walmart",OfficeDepot,B,0.6919999999999998,,,"Phones, Cameras & Electronics > Cell Phone Accessories",D0079,9,OP30
REVIEW,Laboratory & Scientific Supplies: Labware & Consumables,Cleaning Supplies,1,0,1,Cleaning Supplies,Laboratory & Scientific Supplies > Labware & Consumables,Laboratory & Scientific Supplies > Labware & Consumables,"Health, safety & facilities",Janitorial & facilities,0.3574725173395834,0.3574725173395834,83.67748492988005,53.773310439026595,71.19984124791459,100.0,0.9248048443504167,0.3333333333333333,1.0,2,"Amazon, Walmart",Walmart for Business,B,0.718,,,Laboratory & Scientific Supplies > Labware & Consumables > Cleaning Supplies,D0063,10,OP31
REVIEW,Safety Supplies: Personal Protective Equipment (PPE),Personal Safety,1,1,0,Personal Safety,Safety Supplies > Personal Protective Equipment (PPE),Safety Supplies > Personal Protective Equipment (PPE),"Health, safety & facilities",Safety & security,0.33365052452388894,0.33365052452388894,100.0,57.77626682903727,73.33333333333333,100.0,0.8457554365816099,0.3333333333333333,1.0,2,"Amazon, Walmart",Walmart for Business,B,0.576,1.0,,Walmart: Home Improvement > Home Safety > Personal Safety,E0163,11,OP32
REVIEW,"Shredders, Projectors & Office Machines: Projectors & Accessories",Projector Screens,1,0,1,Projector Screens,"Shredders, Projectors & Office Machines > Projectors & Accessories","Shredders, Projectors & Office Machines > Projectors & Accessories",Technology & connected workspace,Retail store & shipping,0.25146844026801124,0.25146844026801124,80.86447791440395,56.032755867115355,70.82522731272859,65.0,0.5210964193369656,0.6666666666666666,0.0,2,"OfficeDepot, Wayfair","OfficeDepot, Wayfair Professional",B,0.622,,,"Shredders, Projectors & Office Machines > Projectors & Accessories > Projector Screens",D0093,12,OP33
1P-CORE GAP,"Coffee, Water & Snacks: Breakroom Appliances, Snacks & Food, Coffee …",Water Filters & Dispensers,9,0,9,Water Filters & Dispensers | Fruit Snacks | Toaster Ovens | Coffee | Chocolate | Blenders & Food Processors | Crackers | Tea | Juice,"Coffee, Water & Snacks > Breakroom Appliances","Coffee, Water & Snacks > Breakroom Appliances | Coffee, Water & Snacks > Candy, Gum & Mints | Coffee, Water & Snacks > Coffee | Coffee, Water & Snacks > Coffee, Coffee Makers & Supplies | Coffee, Water & Snacks > Snacks & Food | Coffee, Water & Snacks > Water & Beverages","Breakroom, kitchen & hospitality",Breakroom & kitchen,1.5991951465755154,0.26647215121372336,69.53679935599666,71.09253498277425,67.24200073034615,84.18084155229307,0.688935680773543,1.0,1.0,3,"Amazon, OfficeDepot, Walmart, Wayfair","OfficeDepot, Walmart for Business, Wayfair Professional",A,0.8340602204023918,,install required,"Coffee, Water & Snacks > Breakroom Appliances > Water Filters & Dispensers | Coffee, Water & Snacks > Snacks & Food > Fruit Snacks | Coffee, Water & Snacks > Breakroom Appliances > Toaster Ovens | Coffee, Water & Snacks > Coffee","D0013, D0020, D0012, D0017, D0014, D0011, D0019, D0018, D0024",1,OP34
1P-CORE GAP,"Office Supplies: Desk Organizers & Accessories, Tape, Fasteners & Adhesives, Storage & Organization …",Electronic Organizers,10,1,9,Electronic Organizers | Glue & Glue Sticks | Storage Drawers | Bookends | Journals & Diaries | Binders | Drawer Organizers | Markers | File Organizers | Pencils,Office Supplies > Desk Organizers & Accessories,"Office Supplies > Binders | Office Supplies > Desk Organizers & Accessories | Office Supplies > Notebooks & Notepads | Office Supplies > Storage & Organization | Office Supplies > Tape, Fasteners & Adhesives | Office Supplies > Writing Supplies & Instruments",Core office & business supplies,Office & business supplies,1.149819326059794,0.2678104805977939,89.29581766495959,75.2989968137611,73.95623971488253,78.17876386918263,0.6745943793397977,0.6666666666666666,0.5,2,"Amazon, OfficeDepot, Walmart, Wayfair, WestElm","OfficeDepot, Walmart for Business, Wayfair Professional",B,0.8213625275345282,1.0,,"Amazon: Office Products > Office Electronics > Electronic Organizers | Office Supplies > Tape, Fasteners & Adhesives > Glue & Glue Sticks | Office Supplies > Storage & Organization > Storage Drawers | Office Supplies > Desk Organizers & Accessories > Bookends","E0338, D0071, D0070, D0065, D0068, D0064, D0066, D0072, D0067, D0073",2,OP35
1P-CORE GAP,"Furniture: Storage Furniture, Chairs & Seating, Chair Mats …",Shelving,6,1,5,Shelving | Chair Mats | File Cabinets | Breakroom & Dining Chairs | House Numbers & Letters | Office Chairs,Furniture > Storage Furniture,Furniture > Chair Mats | Furniture > Chairs & Seating | Furniture > Decor | Furniture > File Cabinets | Furniture > Storage Furniture,Home décor & furnishings,Office & home-office furniture,0.9307919728421585,0.24677634239038446,90.55378932856013,73.9641496062307,60.66768264239063,76.05189074748304,0.823875319670055,1.0,0.5,3,"Amazon, OfficeDepot, Walmart, Wayfair, WestElm","OfficeDepot, Walmart for Business, Wayfair Professional",A,0.8917275633721199,1.0,install required,Furniture > Storage Furniture > Shelving | Furniture > Chair Mats | Furniture > File Cabinets | Furniture > Chairs & Seating > Breakroom & Dining Chairs,"D0058, D0040, D0053, D0041, E0185, D0043",3,OP36
1P-CORE GAP,Facilities: Heating & Cooling,Heaters,2,0,2,Heaters | Air Conditioners,Facilities > Heating & Cooling,Facilities > Heating & Cooling,"Health, safety & facilities",Janitorial & facilities,0.42337738419196647,0.2191211055730459,87.54061559855273,67.3177569191159,34.243226734329866,89.99999999999999,0.6850273915313128,0.6666666666666666,1.0,4,"Amazon, OfficeDepot, Walmart, Wayfair","OfficeDepot, Wayfair Professional",A,0.7721456866294563,,install required,Facilities > Heating & Cooling > Heaters | Facilities > Heating & Cooling > Air Conditioners,"D0034, D0033",4,OP37
1P-CORE GAP,"Cleaning Supplies: Waste & Recycling, Floor & Carpet Cleaning Equipment",Trash Bags,2,0,2,Trash Bags | Vacuums,Cleaning Supplies > Waste & Recycling,Cleaning Supplies > Floor & Carpet Cleaning Equipment | Cleaning Supplies > Waste & Recycling,"Health, safety & facilities",Janitorial & facilities,0.2501985055277001,0.15566213666076623,86.13055308398644,83.31627793213657,72.91982284152652,93.86887294815985,0.7776727075960578,1.0,1.0,3,"Amazon, OfficeDepot, Walmart, Wayfair","OfficeDepot, Walmart for Business, Wayfair Professional",A,0.9832852950755837,,,Cleaning Supplies > Waste & Recycling > Trash Bags | Cleaning Supplies > Floor & Carpet Cleaning Equipment > Vacuums,"D0010, D0008",5,OP38
1P-CORE GAP,"Printers & Scanners: Printers, Scanners & Scanner Accessories",Printers,2,0,2,Printers | Scanners,Printers & Scanners > Printers,Printers & Scanners > Printers | Printers & Scanners > Scanners & Scanner Accessories,Technology & connected workspace,Office & business supplies,0.20470436706030426,0.14082948949788276,95.73108572891489,84.58687548164062,71.7902832375665,90.0,0.8186343066553412,0.6666666666666666,0.5,2,"Amazon, OfficeDepot, Walmart","OfficeDepot, Walmart for Business",B,0.9986575295222687,,,Printers & Scanners > Printers | Printers & Scanners > Scanners & Scanner Accessories > Scanners,"D0081, D0082",6,OP39
1P-CORE GAP,Computers & Accessories: Computer Monitors & Stands,Monitor Stands & Mounts,1,0,1,Monitor Stands & Mounts,Computers & Accessories > Computer Monitors & Stands,Computers & Accessories > Computer Monitors & Stands,Technology & connected workspace,Technology for work,0.18389107192402282,0.18389107192402282,97.72515984510287,71.84892828816476,76.73835426898734,65.0,0.815544006063964,0.6666666666666666,0.0,2,"OfficeDepot, Wayfair","OfficeDepot, Wayfair Professional",B,0.868,,,Computers & Accessories > Computer Monitors & Stands > Monitor Stands & Mounts,D0027,7,OP40
1P-CORE GAP,"Shipping, Packing & Mailing Supplies: Shipping Supplies",Moving Supplies,1,0,1,Moving Supplies,"Shipping, Packing & Mailing Supplies > Shipping Supplies","Shipping, Packing & Mailing Supplies > Shipping Supplies",Core office & business supplies,Retail store & shipping,0.145227787217328,0.145227787217328,87.09971865907104,74.47040638171497,56.9565066445773,65.0,0.5675419613365501,0.3333333333333333,0.5,2,"OfficeDepot, Walmart",OfficeDepot,B,0.9340000000000002,,bulky freight,"Shipping, Packing & Mailing Supplies > Shipping Supplies > Moving Supplies",D0092,8,OP41
1P-CORE GAP,Safety Supplies: Security Mirrors,Privacy Screens,1,1,0,Privacy Screens,Safety Supplies > Security Mirrors,Safety Supplies > Security Mirrors,Home décor & furnishings,Commercial grounds & outdoor,0.13075707127960726,0.13075707127960726,95.9090909090909,79.47169811320755,40.67268204946625,50.0,0.800562205547246,0.3333333333333333,1.0,4,"Amazon, OfficeDepot, Walmart, Wayfair",OfficeDepot,A,0.984,1.0,"bulky freight, install required",Wayfair: Outdoor > Outdoor Fencing & Flooring > Privacy Screens,E0116,9,OP42
1P-CORE GAP,Paper: Notebooks,Notebooks,1,0,1,Notebooks,Paper > Notebooks,Paper > Notebooks,Core office & business supplies,School & classroom,0.09427778328705154,0.09427778328705154,94.43385029054915,87.68794716952435,72.53748922159322,90.00000000000001,0.9045107173304103,0.6666666666666666,0.5,2,"OfficeDepot, Walmart","OfficeDepot, Walmart for Business",B,0.998,,,Paper > Notebooks,D0074,10,OP43
