family_id,node_id,l2_key,vw,aas,a_sem_pct,a_ctx,s_max_p,fi,n_fi,crs,ppr,ad,n_peers,d_dfi,material_upgrade,nearest_staples,identical,identical_staples,label,label_group,data_error,archetype_id,m2_label,title,price,st_family_id,st_title,st_price
A_619dbc9e4e95,"Bags, Backpacks & Luggage > Backpacks & Laptop Bags > Backpacks","Bags, Backpacks & Luggage > Backpacks & Laptop Bags",0.0,26.33168142467853,0.43007915567282323,0.013173302107728336,1.0,1.0,5,100.0,1.0476235831983998,0.0,3,0.0,False,S_503848fd81d5,True,S_503848fd81d5,EXCLUDE,Reject,True,"Bags, Backpacks & Luggage > Backpacks & Laptop Bags > Backpacks :: pack_type=laptop/work · audience=women · vibe=plain · anti_theft=no",ATTR-TRADE-UP,"Wenger Ibex 17 inch Laptop Backpack, Men's and Women's Laptop Bag, Black/Gray/Blue",109.99,S_503848fd81d5,"Wenger Ibex Laptop Backpack, Black/Blue (27316060)",119.99
A_9e79e245c5ce,"Bags, Backpacks & Luggage > Totes & Handbags > Lunch Bags & Boxes","Bags, Backpacks & Luggage > Totes & Handbags",0.0,74.45229994255666,0.6729559748427673,0.8518735362997658,0.6331542134284973,0.8,5,69.98925018310547,0.959983993597439,0.0,15,-0.11770289511153298,False,S_51f497c42a86,True,S_fd44bf2b124f,EXCLUDE,Reject,False,"Bags, Backpacks & Luggage > Totes & Handbags > Lunch Bags & Boxes :: lunch_type=lunch box · insulated=yes · leakproof=yes · vibe=plain",NO-TWIN,Bentgo Chill Mini Leak-Proof 3 or 4 Compartment Lunch Box,23.99,S_fd44bf2b124f,"Bentgo Chill Leak-Proof Mini Lunch Box, 2-Compartments, Crisp Grays (BGCHLMN-CG)",23.99
A_0519386c518f,"Bags, Backpacks & Luggage > Totes & Handbags > Lunch Bags & Boxes","Bags, Backpacks & Luggage > Totes & Handbags",0.0,77.73584905660378,0.9622641509433962,0.5,0.6384109258651733,1.0,4,78.30465698242188,1.1111522786217118,0.0,15,0.0,False,S_180bac598528,True,S_180bac598528,EXCLUDE,Reject,False,"Bags, Backpacks & Luggage > Totes & Handbags > Lunch Bags & Boxes :: lunch_type=lunch bag/tote · insulated=no · leakproof=no · vibe=plain · audience=general",ATTR-SUBSTITUTE,"PackIt Freezable Hampton Lunch Bag, Black",29.99,S_180bac598528,"PACKiT Freezable Lunch Bag, Black (PKT-PC-BLA)",26.99
A_49ea4eb1c1b7,"Bags, Backpacks & Luggage > Totes & Handbags > Lunch Bags & Boxes","Bags, Backpacks & Luggage > Totes & Handbags",1.0,71.29976580796253,1.0,0.28249414519906324,0.635991096496582,0.75,4,68.15946960449219,1.0,0.0,15,-0.19316563834836262,False,S_ff26f6395c27,True,S_d3672283d94a,EXCLUDE,Reject,False,"Bags, Backpacks & Luggage > Totes & Handbags > Lunch Bags & Boxes :: lunch_type=lunch bag/tote · insulated=yes · leakproof=yes · vibe=plain",NO-TWIN,Fit & Fresh Cromwell Cinch Insulated Lunch Bag for Women w/Containers,24.99,S_d3672283d94a,"Fit & Fresh Cromwell Cinch Insulated Lunch Bag, Pink Dainty Flowers (9072SX3861)",24.99
A_211f6dd98364,"Bags, Backpacks & Luggage > Totes & Handbags > Lunch Bags & Boxes","Bags, Backpacks & Luggage > Totes & Handbags",0.0,73.5831381733021,1.0,0.3395784543325526,0.6384109258651733,1.0,4,78.30465698242188,0.9821348816435908,0.16666666666666669,15,-0.03084954912197438,False,S_f2fe01b84628,True,S_e79937861426,EXCLUDE,Reject,False,"Bags, Backpacks & Luggage > Totes & Handbags > Lunch Bags & Boxes :: lunch_type=lunch bag/tote · insulated=yes · leakproof=no · vibe=other",ATTR-SUBSTITUTE,"LOVEVOOK Insulated Lunch Bags for Women, Double Deck Pink Lunch Box",21.99,S_e79937861426,"Vera Bradley Insulated Lunch Bag, Rapture Rose (55591-22514)",19.99
A_0cc586ab3277,"Bags, Backpacks & Luggage > Totes & Handbags > Lunch Bags & Boxes","Bags, Backpacks & Luggage > Totes & Handbags",0.0,94.2310694769711,1.0,0.8557767369242778,0.6384109258651733,1.0,4,78.30465698242188,0.8034836980794997,0.0,15,-0.043663977218794475,False,S_f710ab4bae0e,True,S_aa5348382fba,EXCLUDE,Reject,False,"Bags, Backpacks & Luggage > Totes & Handbags > Lunch Bags & Boxes :: lunch_type=lunch bag/tote · insulated=yes · leakproof=no · vibe=other",ATTR-UNDERCUT,Marvel Spiderman Lunchbox for Boys Kids Bundle w/Insulated Lunch Bag + More,17.99,S_aa5348382fba,Bioworld Kids Spiderman Insulated Lunch Bag (LXB8SBHUSMSB00),19.99
A_a134bd5ac18e,"Bags, Backpacks & Luggage > Totes & Handbags > Lunch Bags & Boxes","Bags, Backpacks & Luggage > Totes & Handbags",1.0,66.44028103044496,1.0,0.1610070257611241,0.635991096496582,0.75,4,68.15946960449219,1.1563197856185796,0.0,15,0.29615567157095396,False,S_29a29909122a,True,S_b1bca7e5aa95,EXCLUDE,Reject,False,"Bags, Backpacks & Luggage > Totes & Handbags > Lunch Bags & Boxes :: lunch_type=lunch bag/tote · insulated=yes · leakproof=yes · vibe=plain",NO-TWIN,"AIJIEKE Insulated Lunch Bag for Women, Large Leakproof Lunch Box, Black",25.89,S_b1bca7e5aa95,"JanSport Lunch Break Insulated Lunch Bag, Black (2WJX008)",29.99
A_b0d22e488385,"Bags, Backpacks & Luggage > Totes & Handbags > Lunch Bags & Boxes","Bags, Backpacks & Luggage > Totes & Handbags",0.0,60.37735849056604,0.6729559748427673,0.5,0.6384105086326599,1.0,4,78.30463409423828,0.7884674212297339,0.0,15,0.23540579022306599,False,S_e8d32e73841a,True,S_180bac598528,EXCLUDE,Reject,False,"Bags, Backpacks & Luggage > Totes & Handbags > Lunch Bags & Boxes :: lunch_type=lunch box · insulated=no · leakproof=no · vibe=plain",ATTR-UNDERCUT,"PackIt Freezable Crossbody Lunch Box, Black",25.775,S_180bac598528,"PACKiT Freezable Lunch Bag, Black (PKT-PC-BLA)",26.99
A_834bb1a4da19,"Bags, Backpacks & Luggage > Totes & Handbags > Lunch Bags & Boxes","Bags, Backpacks & Luggage > Totes & Handbags",0.0,77.73584905660378,0.9622641509433962,0.5,0.6384109258651733,1.0,4,78.30465698242188,1.0,1.0,15,0.2078785002373042,False,S_c5d69a01adfb,True,S_180bac598528,EXCLUDE,Reject,False,"Bags, Backpacks & Luggage > Totes & Handbags > Lunch Bags & Boxes :: lunch_type=lunch bag/tote · insulated=no · leakproof=no · vibe=plain · audience=general",ATTR-SUBSTITUTE,"PackIt Freezable Lunch Bag, Black",26.99,S_180bac598528,"PACKiT Freezable Lunch Bag, Black (PKT-PC-BLA)",26.99
A_5b12e8ad031d,"Bags, Backpacks & Luggage > Totes & Handbags > Lunch Bags & Boxes","Bags, Backpacks & Luggage > Totes & Handbags",0.07209543568464727,51.698113207547166,0.5283018867924528,0.5,0.6336480379104614,0.5,4,58.01888656616211,1.200133422281521,0.0,15,0.13336497389653534,False,S_e64081175634,True,S_c1d731008e1d,EXCLUDE,Reject,False,"Bags, Backpacks & Luggage > Totes & Handbags > Lunch Bags & Boxes :: lunch_type=container/snack · insulated=yes · leakproof=no · vibe=plain",NO-TWIN,"PackIt Freezable Snack Bag, Black",17.99,S_c1d731008e1d,"PACKiT Freezable Snack Box, Black (PKT-SX-BAK)",19.99
A_55f47901bd6d,"Bags, Backpacks & Luggage > Totes & Handbags > Lunch Bags & Boxes","Bags, Backpacks & Luggage > Totes & Handbags",0.0,91.81079050859441,0.9622641509433962,0.8518735362997658,0.633995532989502,0.8,5,70.03973388671875,1.1000333444481496,0.0,15,-0.16279069767441867,False,S_1b5d0a4e3dcb,True,S_1b5d0a4e3dcb,EXCLUDE,Reject,False,"Bags, Backpacks & Luggage > Totes & Handbags > Lunch Bags & Boxes :: lunch_type=bento box · insulated=no · leakproof=yes · vibe=plain",NO-TWIN,Bentgo Chill Kids 4-Compartment Bento Box Leakproof Lunch Box,32.99,S_1b5d0a4e3dcb,"bentgo Chill Kids Bento Box, 4-Compartment, Green/Navy (BGOCHL-G)",32.99
A_3f1e55c21dce,"Bags, Backpacks & Luggage > Totes & Handbags > Lunch Bags & Boxes","Bags, Backpacks & Luggage > Totes & Handbags",0.0,91.43343201802837,0.9559748427672956,0.8518735362997658,0.6384100914001465,0.75,4,68.30461120605469,0.8802934311437146,0.0,15,0.159468438538206,False,S_769739f7c2b3,True,S_d85ede933003,EXCLUDE,Reject,False,"Bags, Backpacks & Luggage > Totes & Handbags > Lunch Bags & Boxes :: long tail",ATTR-TRADE-UP,"THERMOS Kids Soft Lunch Box, Pokemon",26.4,S_d85ede933003,"Thermos Kids Pokémon Insulated Soft Lunch Bag, Multicolored (K225032006ST)",30.29
A_475ca3eff64c,"Coffee, Water & Snacks > Coffee, Coffee Makers & Supplies > Coffee Organizers & Dispensers","Coffee, Water & Snacks > Coffee, Coffee Makers & Supplies",1.0,45.718032786885246,0.68,0.12295081967213115,0.3,0.6666666666666666,3,44.666666666666664,0.6003696003696003,0.0,6,-0.1998394863563403,False,S_d404673f7885,True,S_d404673f7885,EXCLUDE,Reject,False,"Coffee, Water & Snacks > Coffee, Coffee Makers & Supplies > Coffee Organizers & Dispensers :: long tail",NO-TWIN,"Metal Coffee Pod Holder for 80 Capsules with Storage Drawer & 2 Accessory Holders,2 Tier K Cup Holder Organizer for Countertop,Black",25.99,S_d404673f7885,Keurig® K-Cup® Pod Holder Metal Storage Drawer 35 (357606),24.59
A_7d5bd42e0115,"Coffee, Water & Snacks > Coffee, Coffee Makers & Supplies > Coffee Organizers & Dispensers","Coffee, Water & Snacks > Coffee, Coffee Makers & Supplies",0.0,40.459016393442624,0.3,0.5614754098360656,0.38,1.0,3,62.8,0.8458748866727106,0.0,3,-0.47752808988764045,False,S_d404673f7885,True,S_d404673f7885,EXCLUDE,Reject,False,"Coffee, Water & Snacks > Coffee, Coffee Makers & Supplies > Coffee Organizers & Dispensers :: long tail",ATTR-SUBSTITUTE,"ZCDCP Coffee Pod Holder K Cup Holder Drawer Storage, Compatible with K-Cups, With Black Finish Top, Office Kitchen Counter Organizer (42 pods)",27.99,S_d404673f7885,Keurig® K-Cup® Pod Holder Metal Storage Drawer 35 (357606),24.59
A_4af4dc680d74,"Coffee, Water & Snacks > Coffee, Coffee Makers & Supplies > Coffee Organizers & Dispensers","Coffee, Water & Snacks > Coffee, Coffee Makers & Supplies",0.0,27.718032786885242,0.38,0.12295081967213115,0.34,0.6666666666666666,3,47.06666666666667,0.6947718343910546,0.0,3,-0.3025682182985554,False,S_d404673f7885,True,S_d404673f7885,EXCLUDE,Reject,False,"Coffee, Water & Snacks > Coffee, Coffee Makers & Supplies > Coffee Organizers & Dispensers :: long tail",ATTR-SUBSTITUTE,"Coffee Pod Storage Drawer for Keurig K-Cup Pods, Heavy Duty Metal, Black",22.99,S_d404673f7885,Keurig® K-Cup® Pod Holder Metal Storage Drawer 35 (357606),24.59
A_321a29f7851b,"Coffee, Water & Snacks > Coffee, Coffee Makers & Supplies > Coffee Organizers & Dispensers","Coffee, Water & Snacks > Coffee, Coffee Makers & Supplies",1.0,22.918032786885245,0.3,0.12295081967213115,0.38,1.0,3,62.8,0.8337866424901782,0.0,3,-0.46147672552166935,False,S_d404673f7885,True,S_d404673f7885,EXCLUDE,Reject,False,"Coffee, Water & Snacks > Coffee, Coffee Makers & Supplies > Coffee Organizers & Dispensers :: long tail",ATTR-STYLE-EXT,"K Cup Storage Drawer Organizer Holder for Coffee Pods 35-42, Brown",27.59,S_d404673f7885,Keurig® K-Cup® Pod Holder Metal Storage Drawer 35 (357606),24.59
A_f68c563f396a,"Coffee, Water & Snacks > Coffee, Coffee Makers & Supplies > Coffee Organizers & Dispensers","Coffee, Water & Snacks > Coffee, Coffee Makers & Supplies",1.0,38.0,0.3,0.5,0.38,1.0,3,62.8,0.7249924448473858,0.0,3,-0.1797752808988764,False,S_d404673f7885,True,S_d404673f7885,EXCLUDE,Reject,False,"Coffee, Water & Snacks > Coffee, Coffee Makers & Supplies > Coffee Organizers & Dispensers :: long tail",ATTR-STYLE-EXT,SZQINJI K Cup Holder Drawer 30 Pods Capacity Coffee Pod Holder Black,23.99,S_d404673f7885,Keurig® K-Cup® Pod Holder Metal Storage Drawer 35 (357606),24.59
A_645f467a75b6,"Coffee, Water & Snacks > Coffee, Coffee Makers & Supplies > Coffee Organizers & Dispensers","Coffee, Water & Snacks > Coffee, Coffee Makers & Supplies",1.0,42.8,0.38,0.5,0.34,0.6666666666666666,3,47.06666666666667,0.8156542762163794,0.0,3,-0.0770465489566613,False,S_d404673f7885,True,S_d404673f7885,EXCLUDE,Reject,False,"Coffee, Water & Snacks > Coffee, Coffee Makers & Supplies > Coffee Organizers & Dispensers :: material_class=metal/wire · colour_family=brown/wood · organizer_type=pod drawer · pod_system=k-cup",ATTR-STYLE-EXT,Compact Coffee Pod Holder Storage Drawer for K cup.,26.99,S_d404673f7885,Keurig® K-Cup® Pod Holder Metal Storage Drawer 35 (357606),24.59
A_2fc88ae5d5a3,"Coffee, Water & Snacks > Water & Beverages > Water Bottles, Tumblers & Travel Mugs","Coffee, Water & Snacks > Water & Beverages",0.0,79.82558139534883,0.997093023255814,0.5,0.649030327796936,1.0,4,78.94181823730469,1.0720180045011252,0.0,15,0.011152416356877304,False,S_8cebc4091068,True,S_0ceacec57ca3,EXCLUDE,Reject,False,"Coffee, Water & Snacks > Water & Beverages > Water Bottles, Tumblers & Travel Mugs :: material_class=stainless steel · vessel_type=water bottle · insulation=yes · vibe=plain · capacity_band=25-40 oz",ATTR-SUBSTITUTE,"THERMOS Stainless King Vacuum-Insulated Beverage Bottle, 40 Ounce, Midnight Blue",42.87,S_0ceacec57ca3,"Thermos King Stainless Steel Vacuum Insulated Beverage Bottle, 40 oz., Stainless (EASK2010MSTRI4)",44.99
W_f1ff2d1e008e,Furniture > Decor > Clocks & Timers,Furniture > Decor,0.0,55.54752483243156,0.3045977011494253,0.931791569086651,0.7906332612037659,0.75,4,77.43799591064453,2.8076215945178005,0.16666666666666669,12,-0.5155797101449275,False,S_b9bacc9bdbae,True,S_b9bacc9bdbae,EXCLUDE,Reject,False,Furniture > Decor > Clocks & Timers :: long tail,ATTR-TRADE-UP,Rollins Mechanical Black Flip Analog Quartz Tabletop Clock,83.99,S_b9bacc9bdbae,La Crosse Clock Rollins Mechanical Black Flip Analog Quartz Tabletop Clock (536-526B),94.99
W_d55c54acc476,Furniture > Desks > Office Desks,Furniture > Desks,0.0,55.91103507271173,0.5508982035928144,0.5714285714285714,0.6933766603469849,0.75,4,71.60260772705078,0.38805056791892417,0.13333333333333336,15,0.21066208082545146,False,S_06eb9dce3d8c,True,S_851aff31b98a,EXCLUDE,Reject,False,Furniture > Desks > Office Desks :: desk_type=computer · drawers=no · storage=yes · vibe=luxe,ATTR-UNDERCUT,"48""l Computer Desk For Home Office Productivity , Brown Laminate & Black Metal, Modern With Storage Options, And",259.99,S_851aff31b98a,"Boss Office Products 48"" Office Desk, Mocha (N104-MOC)",249.99
A_ac2cd73d9de2,Office Supplies > Calendars & Planners > Planners & Personal Organizers,Office Supplies > Calendars & Planners,0.0,77.24223602484473,0.9540372670807453,0.5,0.7715908288955688,1.0,3,86.29544830322266,1.2422327540810953,0.0,15,-0.18149646107178968,False,S_164d9484e072,True,S_1e85ead047f3,EXCLUDE,Reject,False,Office Supplies > Calendars & Planners > Planners & Personal Organizers :: planner_type=planner · design_theme=plain · audience=general · vibe=plain · planner_size=other,ATTR-SUBSTITUTE,"2027 Blue Sky Life-Note It Dania Dark 5.875"" x 8.625"" Calendar Year Weekly & Monthly Planner, Plastic Cover (139478-27)",23.59,S_1e85ead047f3,"2027 Blue Sky Life-Note It Dania Dark 5.875"" x 8.625"" Calendar Year Weekly & Monthly Planner, Plastic Cover (139478-27)",24.99
A_3eb30e353a6f,Office Supplies > Desk Organizers & Accessories > Desk Organizers,Office Supplies > Desk Organizers & Accessories,0.7871728501581823,92.85714285714286,0.8809523809523809,1.0,0.8141154646873474,1.0,3,88.84693145751953,0.5995995995995996,0.0,15,-0.2830188679245283,False,S_6bd337e79de2,True,S_38ada73aac8b,EXCLUDE,Reject,False,Office Supplies > Desk Organizers & Accessories > Desk Organizers :: material_class=metal mesh · colour_tone=dark-neutral · organizer_type=pen cup · vibe=plain,ATTR-UNDERCUT,"HSYMQ Black Pen Holder Cup for Desk, Pencil Cup Holder, Black Wire Mesh Pen Cup for Desk Office Pen Organizer",5.99,S_38ada73aac8b,"TRU RED Stackable Wire Mesh Pencil Holder – Desktop Organizer for Pens, Pencils & Office Supplies",6.79
