family_id,title,n_skus,sku_ids,colours_observed,leaf_path
S_ca70ce4f60b8,"Bush Business Furniture Vista 72""W Computer Desk, Black Walnut (VSD172BW)",2,24619196|24619199,black|brown/wood,Furniture > Desks > Office Desks
S_03aab10decf4,"Bush Business Furniture Westfield Right Handed L Shaped Desk with Mobile File Cabinet, Mocha Cherry (SRC007MRRSU)",2,88148|88142,brown/wood,Furniture > Desks > Office Desks
S_df5ab7e9c128,"Champion Level Laptop Compatible Backpack, Medium, Navy (CV2-3048-410)",2,24675142|24675141,black|blue,"Bags, Backpacks & Luggage > Backpacks & Laptop Bags > Backpacks"
S_f4f8efb5cf0c,"Bugatti Pure Laptop Backpack, Medium, Brown (BKP2466BU-BROWN)",2,24578912|24634040,beige/cream|brown/wood,"Bags, Backpacks & Luggage > Backpacks & Laptop Bags > Backpacks"
S_17a5552aad04,"Thermos Alta Plastic Water Bottle, 24 oz., Slate Blue (EATP4329DB6)",2,24632258|24632249,black|blue,"Coffee, Water & Snacks > Water & Beverages > Water Bottles, Tumblers & Travel Mugs"
S_4869f579e4b1,"Bush Furniture Somerset 54""W Office Desk with Drawer and Storage Cabinet, Ash Gray (WC81654)",4,24589360|24589358|24589328|24589359,grey|white,Furniture > Desks > Office Desks
S_81273a1dee72,"Bush Business Furniture Office 500 72""W Executive Desk, Black Walnut (OFD172BWK)",2,24430545|24430488,black|brown/wood,Furniture > Desks > Office Desks
S_6ac8f1a6714a,"Bush Business Furniture Vista 60""W L Shaped Desk with Low Storage Cabinet and Wardrobe, Black Walnut (VST010BW)",2,24619186|24619200,black|brown/wood,Furniture > Desks > Office Desks
S_c1a95a92b25b,"2027-2028 Overland Travelware 0.25"" x 8.5"" Calendar Year Monthly Standard Planner, Paperboard Cover, Pink Floral (90696)",2,24690284|24690285,red/pink,Office Supplies > Calendars & Planners > Planners & Personal Organizers
S_52fd873a060d,"Boss Office Products Simple System 60""W L-Shaped Desk with Pedestal, Driftwood, 8/Set (SGSD027-201)",2,24766337|24766347,grey,Furniture > Desks > Office Desks
S_d55032d7fe79,"Boss CaressoftPlus Vinyl Guest Chair, Black (B959-BK)",3,2491279|2491282|683889,black,Furniture > Chairs & Seating > Accent & Waiting Room Chairs
S_04d2b518d0f3,"Bostitch LED Desk Lamp, Black (KTVLED1810-BLACK)",6,24462231|24462233|24462238|24462235|24462227|24476828,black|blue|metallic|white,Furniture > Lamps & Lighting > Desk Lamps
S_e057c09ec18e,"Boss Office Products Simple System 66""W Desk with Pedestal, Driftwood, 2/Set (SGSD014-102)",2,24766195|24766108,grey|white,Furniture > Desks > Office Desks
S_d0677682d342,"Outdoors Professional Stainless Steel Double-Walled Tumbler with Straw, 30 oz., Tropical Green (OUTD9218)",3,24599554|24599559|24599685,black|multi/pattern,"Coffee, Water & Snacks > Water & Beverages > Water Bottles, Tumblers & Travel Mugs"
S_e20b9b294c20,"HON Mod 66""W Computer Desk, Slate Teak (HLPLDS66PSTM1)",2,24542504|24542500,brown/wood|grey,Furniture > Desks > Office Desks
S_13f85542e15e,"TEMPUS Contemporary Wall Clock with Silent Sweep Quiet Movement, Plastic 13"", Silver Finish (TC2388FS)",2,2618879|2618880,black|metallic,Furniture > Decor > Clocks & Timers
S_77c2ed62c947,"2027 Staples 5"" x 8"" Weekly & Monthly Appointment Book, Faux Leather Cover, Black (ST58454-27)",2,24665571|24663631,black,Office Supplies > Calendars & Planners > Planners & Personal Organizers
S_372d17b66ce2,"Promarx Kids Backpack, Medium, Clear (KITSB058199T20)",2,24635888|24603710,clear,"Bags, Backpacks & Luggage > Backpacks & Laptop Bags > Backpacks"
S_779ff61f5c75,"Bush Business Furniture Hybrid 48""W Computer Table Desk with Metal Legs, Modern Hickory (HYD148MH)",2,24502794|24502799,grey|white,Furniture > Desks > Office Desks
S_eb7013cc47b0,"Safco Resi Vinyl Lounge Chair, Gray (1732RESFEET4PKGR)",3,24546092|24546099|24546101,black|brown/wood|grey,Furniture > Chairs & Seating > Accent & Waiting Room Chairs
S_822dc4d25a0d,"2026-2027 Eccolo 4"" x 7"" Academic Weekly & Monthly Planner, Faux Leather Cover, Blue (AY27-401F)",2,24670940|24670941,blue|brown/wood,Office Supplies > Calendars & Planners > Planners & Personal Organizers
S_b779634a6eca,"Mind Reader 3-Compartment Wood Desk Organizer, White (ARCHORG-WHT)",3,24676403|24676404|24676440,black|brown/wood|white,Office Supplies > Desk Organizers & Accessories > Desk Organizers
S_c69b1a6a44bf,"McKlein PARKER Laptop Backpack, Small, Navy (18557)",4,24409794|24409795|24409801|24409797,black|blue|brown/wood|green,"Bags, Backpacks & Luggage > Backpacks & Laptop Bags > Backpacks"
S_f7a253854312,"JAM PAPER 2 Compartment Plastic Pen Holder, Fuchsia Pink (341FU)",2,24508303|24508305,black|red/pink,Office Supplies > Desk Organizers & Accessories > Desk Organizers
S_3efc70cc4e16,"Boss Office Products Simple System 71""W L-Shaped Desk with Pedestal, White, 6/Set (SGSD023-203-WT)",2,24766298|24766297,grey|white,Furniture > Desks > Office Desks
S_29c39310ce16,"JanSport Cross Town Laptop Compatible Backpack, Medium, Black (JS0A7ZNZ008)",2,24588135|24588136,black|blue,"Bags, Backpacks & Luggage > Backpacks & Laptop Bags > Backpacks"
S_a604c8fe0fc1,"Sauder Cottage Road 65""W L-Shaped Desk, Raven Oak (431264)",3,24702370|24702369|24702368,black|grey|white,Furniture > Desks > Office Desks
S_ae4bc76762b9,"Bush Business Furniture Studio C 72""W L Shaped Desk with Return, White (STC049WH)",4,24528970|3082004|24501897|24501950,brown/wood|white,Furniture > Desks > Office Desks
S_33e3a5820135,"Boss Office Products Simple System 60"" Side-by-Side Double Desks, White (SGSD005-201-WT)",2,24766096|24766095,grey|white,Furniture > Desks > Office Desks
S_289c35757cdb,"High Sierra Back to School Backpack, Medium, Pink Colorbook (150917-A909)",19,24696557|24696548|24696553|24696556|24696554|24696559|24696538|24696543|24696550|24696545|24696540|24696539|24696552|24696544|24696551|24696541|24696549|24696547|24696555,black|blue|green|grey|multi/pattern|red/pink|yellow/orange,"Bags, Backpacks & Luggage > Backpacks & Laptop Bags > Backpacks"
S_fdf1fed580d2,"HON Mod 42"" Reception Return Shell Desk, Java Oak (HLPLRCPNRS4225.LJA1)",2,24484637|24484727,brown/wood,Furniture > Desks > Office Desks
S_1f5255a96958,"Thermos King Stainless Steel Vacuum Insulated Travel Mug, 16 oz., Midnight Blue (EASK1000MDB4)",3,24632241|24632275|24632270,blue|green|red/pink,"Coffee, Water & Snacks > Water & Beverages > Water Bottles, Tumblers & Travel Mugs"
S_ca27c44b15ed,"Flash Furniture Hercules Artemis LeatherSoft Reception Chair, Cognac (ZB89211SCOGNAC)",2,24685573|24685572,black|brown/wood,Furniture > Chairs & Seating > Accent & Waiting Room Chairs
S_1ac63eb2777c,"Function101 Desk Mat Pro + 2 Magnetic Cable Block Managers, 31"" x 16"", Gray (F101-DMPG2)",2,24585710|24585722,blue|grey,Office Supplies > Desk Organizers & Accessories > Desk Pads
S_802644fe23fd,"Mind Reader Metal Pen Holder, Black (SLCUP-BLK)",2,24693526|24693527,black|white,Office Supplies > Desk Organizers & Accessories > Desk Organizers
S_88893ee878b6,"bentgo Salad Container, 5-Compartment, Blue, 54 oz. (BGOSAL-B)",5,24535529|24535493|24535479|24535492|24535531,blue|green|purple|red/pink,"Bags, Backpacks & Luggage > Totes & Handbags > Lunch Bags & Boxes"
S_278dcc4dc045,"Boss Office Products Simple System 60""W L-Shaped Desk with Pedestal, White, 2/Set (SGSD008-201-WT)",2,24766124|24766121,grey|white,Furniture > Desks > Office Desks
S_fdb2868e09ca,"Versare The Room Divider 360 Freestanding Folding Portable Partition, 82""H x 168""W, Charcoal Gray Fabric (1182507)",2,24556705|24556707,black|grey,Furniture > Cubicle & Panel Systems > Office Partitions & Dividers
S_82f464dd2319,"Boss Office Products Simple System 66"" Side-by-Side Double Desks, Driftwood (SGSD005-102)",2,24766091|24766097,grey,Furniture > Desks > Office Desks
S_bbd2d5eb213c,"Poppin 2 Compartment Plastic Pen Cup, Blush (104443)",3,2657275|24342722|1913964,blue|grey|red/pink,Office Supplies > Desk Organizers & Accessories > Desk Organizers
S_b0e2105bb4e4,"Bazic Classic Kids Laptop Compatible Backpack, Medium, Gray, 2/Bundle (BAZ1061-2)",2,24603694|24603732,blue|grey,"Bags, Backpacks & Luggage > Backpacks & Laptop Bags > Backpacks"
S_9a6e7488547d,"JanSport Cool Student Laptop Compatible Backpack, Large, Lavender Ash (JS0A2SDDLA6)",2,24626243|24626256,green|purple,"Bags, Backpacks & Luggage > Backpacks & Laptop Bags > Backpacks"
S_30d642b77794,"Boss Office Products Simple System 66""W Desk with Pedestal, White, 8/Set (SGSD025-102-WT)",3,24766314|24766319|24766320,grey|white,Furniture > Desks > Office Desks
S_fb8fb91ed2bf,"Samsonite Silhouette Travel Backpack, Large, Deep Navy (153635-D418)",2,24629797|24629788,blue,"Bags, Backpacks & Luggage > Backpacks & Laptop Bags > Backpacks"
S_216017341b61,"2027 Blue Sky 5"" x 8"" Weekly & Monthly Planner, Black (160973)",10,24694046|24694056|24694114|24694107|24694049|24694110|24694109|24694043|24694119|24694104,multi/pattern,Office Supplies > Calendars & Planners > Planners & Personal Organizers
S_465191348986,"TRU RED™ All-In-One 10-Compartment Wire Mesh Compartment Storage, Matte Black (TR57530)",2,24402493|24402498,black|grey,Office Supplies > Desk Organizers & Accessories > Desk Organizers
S_71eca3372bb7,"Brentwood Geojug Stainless Steel Double Walled Tumbler Cup, 40 oz., Blue (CMB-1200BL)",4,24621193|24621198|24621174|24621172,black|blue|red/pink|white,"Coffee, Water & Snacks > Water & Beverages > Water Bottles, Tumblers & Travel Mugs"
S_54a4ee9363d1,"Bush Furniture Salinas 60""W L Shaped Desk with Lateral File Cabinet and 5 Shelf Bookcase, Reclaimed Pine (SAL003RCP)",2,24463033|24307443,brown/wood|white,Furniture > Desks > Office Desks
S_e86b4bbf8a23,"Versare The Room Divider 360 Freestanding Mobile Partition, 72""H x 168""W, Charcoal Gray Fabric (1172507)",2,24531118|24531127,black|grey,Furniture > Cubicle & Panel Systems > Office Partitions & Dividers
S_9ec0297ec02c,"wellness Revive Cabana Stripe Stainless Steel Double Wall Insulated Water Bottle, 24 oz., Pink (426153)",2,24674772|24674773,multi/pattern|red/pink,"Coffee, Water & Snacks > Water & Beverages > Water Bottles, Tumblers & Travel Mugs"
S_620d751e04ff,"Versare The Room Divider 360 Freestanding Folding Portable Partition, 82""H x 300""W, Charcoal Gray Fabric (1182907)",2,24556701|24556689,black|grey,Furniture > Cubicle & Panel Systems > Office Partitions & Dividers
S_9caeb657cb68,"Lesro Weston 3-Seat Tandem Seating, Chambray Grey/Riftwood Walnut (WS3103.WRW-01CHGY)",10,24693305|24693304|24693310|24693303|24693313|24693309|24693308|24693307|24693311|24693302,blue|grey,Furniture > Chairs & Seating > Accent & Waiting Room Chairs
S_c5d69a01adfb,"JAM Paper Lunch Bags, Brown, 25/Pack (690KRBR)",3,355738|355744|355758,brown/wood|white,"Bags, Backpacks & Luggage > Totes & Handbags > Lunch Bags & Boxes"
S_d3ef32583f3c,"TRU RED™ LED Desk Lamp, 13.5"", Black Metal, 8/Pack (TR61984-8PK)",2,24588111|24588112,black|white,Furniture > Lamps & Lighting > Desk Lamps
S_d781098f90bb,"2027 Staples 8"" x 11"" Weekly & Monthly Planner, Ice Blue (ST63610-27)",2,24665594|24665593,blue,Office Supplies > Calendars & Planners > Planners & Personal Organizers
S_deba58286a92,"Elemental Core Pop Stainless Steel Double Wall Insulated Water Bottle, 18 oz., Lilac Tie Dye (EBC18LCTD9P)",4,24660956|24660962|24660952|24660965,green|multi/pattern,"Coffee, Water & Snacks > Water & Beverages > Water Bottles, Tumblers & Travel Mugs"
S_36b54c702ebd,"bentgo Insulated Ice Packs, Purple, 4/Pack (BGOICE-P)",4,24637064|24636955|24637140|24637070,blue|green|grey|purple,"Bags, Backpacks & Luggage > Totes & Handbags > Lunch Bags & Boxes"
S_ee409cf4120c,"HON Mod 66""W x 96""D U-Shaped Computer Desk with 2 Support Pedestals, Slate Teak (HLPL6696UDESKSL1)",2,24542498|24580471,brown/wood|grey,Furniture > Desks > Office Desks
S_5d8f7360daa0,"Regency Knight Mesh Guest Chair, Black, 12/Pack (5675BK12PK)",2,24688160|24688157,black,Furniture > Chairs & Seating > Accent & Waiting Room Chairs
S_4762414d80a1,"Rumi Lighting LED Desk Lamp, 17.67"", Glossy Black (ERP11ST)",2,24463560|24463561,black|white,Furniture > Lamps & Lighting > Desk Lamps
S_d6310146cc80,"Boss Office Products Simple System 66""W Desk, Driftwood, 3/Set (SGSD030-202)",3,24766370|24766365|24766371,grey|white,Furniture > Desks > Office Desks
S_fbdb95d5d891,"Bostitch Konnect Stackable Rotating Pen Holder, Black (KT2-PTLCUP)",2,24696532|24696531,black,Office Supplies > Desk Organizers & Accessories > Desk Organizers
S_186ef89f10b3,"Bush Business Furniture Office 500 72""W U Shaped Executive Desk with Drawers and Hutch, Black Walnut (OF5003BWSU)",3,24430546|24430477|24430476,black|brown/wood|grey,Furniture > Desks > Office Desks
S_250ad3611e68,"HON Coze 42""W Desk w/U-Storage, Designer White and Silver (HONRPL2442DWP6S)",2,24466441|24466438,brown/wood|white,Furniture > Desks > Office Desks
S_2db6da0daa50,"Bush Business Furniture Arrive 72""W Reception Desk with Shelf, Natural Elm (AVD172NEK)",3,24602353|24602352|24602351,brown/wood|grey,Furniture > Desks > Office Desks
S_7daa49f45fd1,"Thermos Icon Stainless Steel Vacuum Insulated Tumbler, 18 oz., Orange (EAIS1152OR4)",2,24631178|24631182,blue|yellow/orange,"Coffee, Water & Snacks > Water & Beverages > Water Bottles, Tumblers & Travel Mugs"
S_f5fbab26d38d,"Thermos Icon Stainless Steel Vacuum Insulated Water Bottle, 24 oz., Glacier (EAIS2002GC4)",2,24631242|24631227,blue,"Coffee, Water & Snacks > Water & Beverages > Water Bottles, Tumblers & Travel Mugs"
S_1edacb2249c7,"Mind Reader 7-Compartment Metal Desk Shelf, Turquoise (MAGROUND-TUR)",2,24618332|24618328,blue|grey,Office Supplies > Desk Organizers & Accessories > Desk Organizers
S_ac7bb5d210a5,"Bush Business Furniture Arrive 72""W L Shaped Reception Desk with Shelf, Storm Gray (ARV006SG)",3,24604402|24604386|24604404,brown/wood|grey,Furniture > Desks > Office Desks
S_0c105cd11f30,"2027 Blue Sky Passages 8.5"" x 11"" Calendar Year Weekly & Monthly Standard Planner, Plastic Cover, Solid Black (159062)",6,24679089|24679088|24679087|24679093|24679084|24679081,black|blue|grey,Office Supplies > Calendars & Planners > Planners & Personal Organizers
S_015417ae57de,"Vangoddy Grove Laptop Backpack, Medium, Orange (NBKLEA593)",2,2435259|2435260,grey,"Bags, Backpacks & Luggage > Backpacks & Laptop Bags > Backpacks"
S_4cb9e58ea134,"National Public Seating Robo Freestanding 5-Panel Room Divider, 72""H x 118""W, Gray PET (RDB6-5PT02)",4,24514904|24514905|24514906|24514920,black|blue|clear|grey,Furniture > Cubicle & Panel Systems > Office Partitions & Dividers
S_d5156312ef5a,"Boss Office Products 48"" Glazed Reception Desk, Mahogany (N168-M)",2,24768015|24768016,brown/wood,Furniture > Desks > Office Desks
S_6145dc0eb588,"Martha Stewart Eli 47""W Glass/Steel Home Office Desk, Clear/Polished Brass (XUDK1GLD)",2,24581053|24581055,clear,Furniture > Desks > Office Desks
S_d9128d5e83a3,"Regency Welcome Vinyl Guest Chair, Black (CH3901BVL)",2,24770300|24770301,black|grey,Furniture > Chairs & Seating > Accent & Waiting Room Chairs
S_67d28f834996,"Bush Home Somerset 60""W L Shaped Computer Desk with Hutch, Ash Gray (SET002AG)",4,24391078|24457562|24457572|24457563,grey|white,Furniture > Desks > Office Desks
S_5a07e1e8460d,"2027 Blue Sky Jessie James Decker 7"" x 9"" Calendar Year Weekly & Monthly Standard Planner Cover, Mystic Violet (162636)",2,24694173|24694165,multi/pattern,Office Supplies > Calendars & Planners > Planners & Personal Organizers
S_699bc59fa6bc,"Poppin ABS Plastic Pen Cup, Blue, 24 Count (100267-MC)",2,24374413|24374426,blue|white,Office Supplies > Desk Organizers & Accessories > Desk Organizers
S_1523f2b207cd,"Boss Office Products 71"" Desk and Credenza with Hutch and 2 File Pedestals, Mahogany (GROUPA6-M)",3,24698432|24698431|24698433,brown/wood|grey,Furniture > Desks > Office Desks
S_531539490557,"Bush Business Furniture Arrive 60""W L Shaped Reception Desk with Shelf, Mocha Cherry (ARV003MR)",2,24604370|24604384,brown/wood|grey,Furniture > Desks > Office Desks
S_64d135adc67b,"Sauder Palladia 53""W Computer Desk, Vintage Oak (422002)",3,24698725|24698726|72853,brown/wood,Furniture > Desks > Office Desks
S_811fd0405113,"Bush Business Furniture Westfield 72""W Credenza Desk, Mocha Cherry (WC12926)",3,569859|456296|569948,brown/wood,Furniture > Desks > Office Desks
S_74a44bf0e62f,"Infinity Instruments Wall Clock, Plastic/Glass, 9.63"" (20048WH-4400)",2,24514868|24514867,black|white,Furniture > Decor > Clocks & Timers
S_e793f7e098bd,"Flash Furniture Hercules Diplomat LeatherSoft Reception Chair, Black/Chrome Legs (BT8271BKCHR)",3,24697695|24697699|24697698,black|blue|grey,Furniture > Chairs & Seating > Accent & Waiting Room Chairs
S_ed8118c7a14d,"Arozzi Arena Gaming Desk, Pure White (ARENANAPWT)",6,24729266|24729244|24729251|24729263|24729261|24729254,black|green|grey|metallic|purple|white,Furniture > Desks > Office Desks
S_abe92b99744a,"Boss Office Products Vinyl Guest Chair, Black (B639-BK)",3,310006|24566368|522631,black,Furniture > Chairs & Seating > Accent & Waiting Room Chairs
S_7604da156468,"Boss Office Products Simple System 71""W L-Shaped Desk with Pedestal, Driftwood, 8/Set (SGSD027-203)",2,24766341|24766351,grey,Furniture > Desks > Office Desks
S_f3cd83d8767a,"Mobile Pixels Inc. Anti-Slip PU Leather Desk Pad, 31.5"" x 15.75"", Graphite Black (115-1001P01)",2,24563242|24563300,black|blue,Office Supplies > Desk Organizers & Accessories > Desk Pads
S_b888ab774dea,"2026-2027 See It Bigger 11.25"" x 9.25"" Academic Year Weekly & Monthly Planner, Paperboard Cover, Fashion Floral (90591)",2,24686997|24686998,black|multi/pattern,Office Supplies > Calendars & Planners > Planners & Personal Organizers
S_f97b7e2fcde4,"Offices To Go Superior 60"" Credenza Shell, Autumn Walnut (TDSL6024CSAWL)",4,24455270|24455211|24455218|24455217,brown/wood|grey,Furniture > Desks > Office Desks
S_6528a4a22dd8,"Boss Office Products Simple System 60""W Desk, Driftwood (SGSD001-101)",6,24766053|24766060|24766374|24766054|24766059|24766375,grey|white,Furniture > Desks > Office Desks
S_5ca78fc424ce,"2027 Blue Sky Passages 7"" x 9"" Calendar Year Weekly & Monthly Standard Planner, Plastic Cover, Black (159431)",2,24679090|24679096,black,Office Supplies > Calendars & Planners > Planners & Personal Organizers
S_b6a39c0571e4,"Mind Reader Metal Accessory Tray, Gold (PBOX-GLD)",7,24638267|24693520|24693521|24693537|24693536|24693522|24693523,black|metallic|white,Office Supplies > Desk Organizers & Accessories > Desk Organizers
S_58c2ddf0311b,"Boss Office Products Simple System 48""W Desk, Driftwood, 6/Set (SGSD020-110)",2,24766259|24766260,grey|white,Furniture > Desks > Office Desks
S_1b0949911db1,"Delsey Paris Flanerie Laptop Backpack, Medium, Champagne (40303160017)",2,24647824|24652144,blue|white,"Bags, Backpacks & Luggage > Backpacks & Laptop Bags > Backpacks"
S_c13c9ec047d0,"2027 Blue Sky Sincerely Jules 7"" x 9"" Weekly & Monthly Planner, Sky Blue (164246)",3,24694140|24694135|24694146,multi/pattern,Office Supplies > Calendars & Planners > Planners & Personal Organizers
S_647565887761,"L.L.Bean Deluxe Book Pack Backpack, Medium, Navy (0TXT907000)",2,24428153|24428146,black|blue,"Bags, Backpacks & Luggage > Backpacks & Laptop Bags > Backpacks"
S_da7eb9b7b682,"HON Mod 48""W Table Desk, Slate Teak (HLPL4824LS1ALEGBLK)",2,24530243|24487862,brown/wood,Furniture > Desks > Office Desks
S_cbd8048cec8f,"Boss Office Products Simple System 60"" Two-Person Benching Workstations with Storage Returns, Driftwood (SGSD007-201)",2,24766115|24766116,grey|white,Furniture > Desks > Office Desks
S_18cdd6b43d38,"Flash Furniture Leather Guest Chair, Black (BT8217BK)",3,1983455|1983563|1983456,black|grey,Furniture > Chairs & Seating > Accent & Waiting Room Chairs
