node_id,band,share_staples,share_competitor,n_staples,n_competitor,price_mid,credibility
Office Supplies > Calendars & Planners > Planners & Personal Organizers,under $10,0.115527950310559,0.4196510560146924,93,457,8.19,1.0
Office Supplies > Calendars & Planners > Planners & Personal Organizers,$10–$15,0.18881987577639753,0.19008264462809918,152,207,13.88,0.5293
Office Supplies > Calendars & Planners > Planners & Personal Organizers,$15–$25,0.42857142857142855,0.22865013774104684,345,249,19.99,0.0
Office Supplies > Calendars & Planners > Planners & Personal Organizers,$25+,0.2670807453416149,0.1386593204775023,215,151,32.0,0.0
"Bags, Backpacks & Luggage > Backpacks & Laptop Bags > Backpacks",under $30,0.18469656992084432,0.23095467695274832,70,479,21.99,0.97515
"Bags, Backpacks & Luggage > Backpacks & Laptop Bags > Backpacks",$30–$50,0.3087071240105541,0.16489874638379942,117,342,39.99,0.0
"Bags, Backpacks & Luggage > Backpacks & Laptop Bags > Backpacks",$50–$100,0.25065963060686014,0.1914175506268081,95,397,71.99,0.00535
"Bags, Backpacks & Luggage > Backpacks & Laptop Bags > Backpacks",$100+,0.2559366754617414,0.14416586306653809,97,299,149.515,0.0
Furniture > Desks > Office Desks,under $200,0.06736526946107785,0.2913527090060998,45,812,141.89,1.0
Furniture > Desks > Office Desks,$200–$350,0.15568862275449102,0.3240043057050592,104,903,269.99,1.0
Furniture > Desks > Office Desks,$350–$600,0.2155688622754491,0.20703265159669895,144,577,440.0,0.3096
Furniture > Desks > Office Desks,$600+,0.561377245508982,0.17761033369214208,375,495,1219.99,0.0
Furniture > Chairs & Seating > Accent & Waiting Room Chairs,under $250,0.2672413793103448,0.21517287680429675,31,641,194.49,0.09485
Furniture > Chairs & Seating > Accent & Waiting Room Chairs,$250–$350,0.13793103448275862,0.29472977509231285,16,878,279.99,1.0
Furniture > Chairs & Seating > Accent & Waiting Room Chairs,$350–$600,0.3275862068965517,0.26216851292379995,38,781,459.99,0.0607
Furniture > Chairs & Seating > Accent & Waiting Room Chairs,$600+,0.2672413793103448,0.22792883517959048,31,679,929.99,0.16085
Furniture > Lamps & Lighting > Desk Lamps,under $50,0.31952662721893493,0.2,54,154,34.99,0.0004
Furniture > Lamps & Lighting > Desk Lamps,$50–$100,0.4319526627218935,0.2844155844155844,73,219,74.49,0.0
Furniture > Lamps & Lighting > Desk Lamps,$100–$175,0.20118343195266272,0.2545454545454545,34,196,139.99,0.92745
Furniture > Lamps & Lighting > Desk Lamps,$175+,0.047337278106508875,0.261038961038961,8,201,259.0,1.0
"Bags, Backpacks & Luggage > Totes & Handbags > Lunch Bags & Boxes",under $15,0.13836477987421383,0.27435610302351626,44,490,11.925,1.0
"Bags, Backpacks & Luggage > Totes & Handbags > Lunch Bags & Boxes",$15–$25,0.4119496855345912,0.33874580067189247,131,605,19.99,0.006
"Bags, Backpacks & Luggage > Totes & Handbags > Lunch Bags & Boxes",$25–$30,0.2672955974842767,0.1427771556550952,85,255,28.49,0.0
"Bags, Backpacks & Luggage > Totes & Handbags > Lunch Bags & Boxes",$30+,0.18238993710691823,0.22620380739081747,58,404,39.99,0.96275
Furniture > Decor > Clocks & Timers,under $50,0.6724137931034483,0.20936532507739938,117,541,35.790000000000006,0.0
Furniture > Decor > Clocks & Timers,$50–$100,0.2413793103448276,0.31501547987616096,42,814,76.99,0.97985
Furniture > Decor > Clocks & Timers,$100–$125,0.05747126436781609,0.22407120743034056,10,579,109.99,1.0
Furniture > Decor > Clocks & Timers,$125+,0.022988505747126436,0.2515479876160991,4,650,179.99,1.0
"Coffee, Water & Snacks > Coffee, Coffee Makers & Supplies > Coffee Organizers & Dispensers",under $15,0.0,0.17215189873417722,0,204,12.99,1.0
"Coffee, Water & Snacks > Coffee, Coffee Makers & Supplies > Coffee Organizers & Dispensers",$15–$25,0.1,0.4050632911392405,5,480,19.99,1.0
"Coffee, Water & Snacks > Coffee, Coffee Makers & Supplies > Coffee Organizers & Dispensers",$25–$30,0.14,0.17637130801687764,7,209,27.99,0.7413
"Coffee, Water & Snacks > Coffee, Coffee Makers & Supplies > Coffee Organizers & Dispensers",$30+,0.76,0.22869198312236286,38,271,38.0,0.0
Furniture > Cubicle & Panel Systems > Office Partitions & Dividers,under $150,0.030303030303030304,0.2765685019206146,3,216,104.99,1.0
Furniture > Cubicle & Panel Systems > Office Partitions & Dividers,$150–$450,0.050505050505050504,0.29449423815621,5,230,246.99,1.0
Furniture > Cubicle & Panel Systems > Office Partitions & Dividers,"$450–$1,000",0.35353535353535354,0.22535211267605634,35,176,669.99,0.00285
Furniture > Cubicle & Panel Systems > Office Partitions & Dividers,"$1,000+",0.5656565656565656,0.20358514724711907,56,159,1489.99,0.0
