competitor,comp_path,context_path,is_leaf,source,candidates,staples_carries,gold_staples_path,note
WestElm,Bedding > Bedding Essentials > Down Inserts,Bedding > Bedding Essentials > Down Inserts,True,stratified sample,"Furniture > Decor > Beds & Bedding > Blankets & Throws || Coffee, Water & Snacks > Paper Products > Toilet Seat Covers || Furniture > Decor > Beds & Bedding > Mattress Pads & Toppers || Furniture > Decor > Beds & Bedding > Bedding || Healthcare Supplies > Patient Care > Exam Room Supplies & Equipment > Disposable Linens & Pillows || Retail Store Supplies > Spa & Salon > Spa & Massage > Pillows & Pillow Cover || Furniture > Decor > Beds & Bedding > Pillows || Healthcare Supplies > Patient Care > Exam Room Supplies & Equipment > Cotton Balls || Retail Store Supplies > Spa & Salon > Spa & Massage > Sheets & Linens || Cleaning Supplies > Cleaning Chemicals & Wipes > Hard Floor Care || Laboratory & Scientific Supplies > Labware & Consumables > Vials & Vial Inserts || Healthcare Supplies > Professional Dental Supplies > Dental Instruments > Ultrasonic Scaler Tips & Inserts",,,
WestElm,Furniture > Bedroom > Nightstands,Furniture > Bedroom > Nightstands,True,stratified sample,Furniture > Decor > Beds & Bedding > Headboards || Furniture > Bookcases & Bookshelves || Furniture > Desks || Furniture > Decor > Beds & Bedding || Furniture > Decor || Furniture > Storage Furniture || Furniture || Furniture > Chairs & Seating > Stools & Ottomans || Furniture > Desks > Desk Components & Hutches || Furniture > Chairs & Seating > Stools & Ottomans > Ottomans || Furniture > Carts & Stands > TV Stands || Furniture > Carts & Stands,,,
WestElm,Bath > Bathroom Furniture > Vanities,Bath > Bathroom Furniture > Vanities,True,stratified sample,Furniture > Decor > Bath & Shower Accessories || Furniture > Decor > Shower Curtains & Accessories || Healthcare Supplies > Durable Medical Equipment > Shower & Bath Aids > Shower Chairs / Benches || Furniture > Decor > Bath Mats & Towels || Furniture > Decor || Furniture > Decor > Beds & Bedding || Facilities > Plumbing > Sinks || Furniture > Bookcases & Bookshelves || Furniture > Decor > Home & Office Decor > Indoor Fireplaces || Facilities > Plumbing > Bathroom Hardware || Facilities || Facilities > Facilities Signs,,,
WestElm,Bath > Bathroom Furniture > Bathtubs,Bath > Bathroom Furniture > Bathtubs,True,stratified sample,Facilities > Plumbing > Tubs and Showers || Furniture > Decor > Bath & Shower Accessories || Healthcare Supplies > Durable Medical Equipment > Shower & Bath Aids > Shower Chairs / Benches || Facilities > Bathroom Fixtures > Hand Dryers || Furniture > Decor > Bath Mats & Towels || Facilities > Plumbing > Sinks || Facilities > Plumbing > Tubs and Showers > Wall Mounted Shower Heads || Healthcare Supplies > Durable Medical Equipment > Shower & Bath Aids > Commodes || Facilities > Bathroom Fixtures > Toilet Seat Cover Dispensers || Facilities > Plumbing > Tubs and Showers > Handheld Shower Heads || Retail Store Supplies > Spa & Salon > Bath & Body || Healthcare Supplies > Durable Medical Equipment > Shower & Bath Aids,,,
WestElm,Kitchen & Dining > Serveware > Serving Platters & Stands,Kitchen & Dining > Serveware > Serving Platters & Stands,True,stratified sample,"Restaurant & Foodservice Supplies > Restaurant Storage & Transport > Chafing Dishes & Buffet Accessories || Restaurant & Foodservice Supplies > Restaurant Storage & Transport > Catering & Buffet Supplies || Restaurant & Foodservice Supplies > Restaurant Storage & Transport > Kitchen Racks || Coffee, Water & Snacks > Plates, Cups & Cutlery || Restaurant & Foodservice Supplies > Tabletop > Bar Glassware || Furniture > Decor > Home & Office Decor > Decorative Baskets, Bowls and Boxes || Appliances & Kitchenware > Kitchenware > Kitchen Tools > Salad Spinners || Restaurant & Foodservice Supplies > Commercial Restaurant Equipment > Kitchen Work & Prep Tables || Restaurant & Foodservice Supplies > Restaurant Storage & Transport > Food Storage & Containers || Restaurant & Foodservice Supplies > Restaurant Storage & Transport > Restaurant Carts & Dollies || Furniture > Carts & Stands > TV Stands || Furniture > Carts & Stands",,,
WestElm,Furniture > Bedroom > Armoires & Wardrobes,Furniture > Bedroom > Armoires & Wardrobes,True,stratified sample,"Furniture > Bookcases & Bookshelves || Furniture > Desks || Furniture > Storage Furniture || Furniture > Decor > Beds & Bedding > Headboards || Furniture > Decor || Furniture || Furniture > Decor > Beds & Bedding || Furniture > Storage Furniture > Shelving || Furniture > Storage Furniture > Storage Cabinets || Furniture > Storage Furniture > Clothing Racks & Closet Organization > Clothes Racks & Portable Closets || School Supplies > Teacher Supplies > Teacher Resources > Maps & Globes || Tools, Parts & Supplies > Automotive > Tires & Wheels",,,
WestElm,Furniture > Living Room > Daybeds,Furniture > Living Room > Daybeds,True,stratified sample,"Furniture > Decor > Beds & Bedding > Headboards || Furniture > Chairs & Seating > Sofas & Benches > Sofas, Loveseats & Sectionals || Furniture > Chairs & Seating > Sofas & Benches || Furniture > Decor > Beds & Bedding || Furniture > Chairs & Seating > Stools & Ottomans || Furniture > Decor > Beds & Bedding > Beds & Mattresses || Furniture > Chairs & Seating || Furniture > Decor || Furniture > Bookcases & Bookshelves || Furniture > Chairs & Seating > Stools & Ottomans > Ottomans || Healthcare Supplies > Patient Care > Beds & Bedside Care > Medical Beds || Healthcare Supplies > Patient Care > Beds & Bedside Care",,,
WestElm,Outdoor > Outdoor Lounge Furniture > Lounge Sets,Outdoor > Outdoor Lounge Furniture > Lounge Sets,True,stratified sample,"Furniture > Chairs & Seating > Breakroom & Dining Chairs || Furniture > Chairs & Seating > Accent & Waiting Room Chairs || Gift Shop > Game Room & Toys > Game Room > Pool Tables & Accessories || Furniture > Chairs & Seating || Furniture > Home & Office Tables > Breakroom & Dining Tables || Furniture > Decor > Home & Office Decor > Indoor Fireplaces || Furniture > Chairs & Seating > Sofas & Benches || Furniture > Chairs & Seating > Kids Seating || Furniture > Chairs & Seating > Gaming Chairs || Healthcare Supplies > Durable Medical Equipment > Shower & Bath Aids > Shower Chairs / Benches || Gift Shop > Gift Sets, Photo & Custom Gifts > Gift Sets || Facilities > Hand & Power Tools > Hand Tools > Hand Tool Sets",,,
WestElm,Kitchen & Dining > Drinkware & Barware > Cocktail Glasses,Kitchen & Dining > Drinkware & Barware > Cocktail Glasses,True,stratified sample,"Restaurant & Foodservice Supplies > Tabletop > Bar Glassware || Appliances & Kitchenware > Kitchenware > Dining & Tableware > Drinkware & Glassware || Restaurant & Foodservice Supplies > Tabletop > Glassware || Appliances & Kitchenware > Kitchenware > Dining & Tableware > Carafes, Pitchers & Tumblers || Coffee, Water & Snacks > Water & Beverages > Water Bottles, Tumblers & Travel Mugs || Restaurant & Foodservice Supplies > Tabletop > Drinkware || Coffee, Water & Snacks > Coffee, Coffee Makers & Supplies > Carafes, Kettles & Decanters || Coffee, Water & Snacks > Plates, Cups & Cutlery || Appliances & Kitchenware > Kitchenware > Dining & Tableware || Party Supplies > Wedding Supplies > Wedding Glassware || Wearable Technology > Camera Glasses || Safety Supplies > Personal Protective Equipment (PPE) > Eye Protection > Safety Glasses, Goggles & Accessories",,,
WestElm,Furniture > Bedroom,Furniture > Bedroom,False,stratified sample,Furniture > Decor || Furniture || Furniture > Storage Furniture || Furniture > Home & Office Tables || Furniture > School Furniture || Furniture > Decor > Beds & Bedding || Furniture > Decor > Home & Office Decor || Furniture > Decor > Bath & Shower Accessories || Furniture > Decor > Home & Office Decor > Living Room Accents || Furniture > Decor > Home & Office Decor > Accent Furniture || Gift Shop > Game Room & Toys > Game Room || Gift Shop > Game Room & Toys,,,
WestElm,Outdoor > Planters & Garden > Outdoor Planters,Outdoor > Planters & Garden > Outdoor Planters,True,stratified sample,"Facilities > Grounds Maintenance > Outdoor Tools > Lawn & Garden Tools || Gift Shop > Professional Gifts > Compasses > Outdoor Decor || Furniture > Decor > Wall Art > Garden Landscape || Furniture > Decor > Home & Office Decor > Indoor Fireplaces || Gift Shop > Professional Gifts > Compasses > Patio Furniture || Furniture > Decor > Home & Office Decor > Decorative Baskets, Bowls and Boxes || Furniture > Lamps & Lighting > Outdoor Lighting || Gift Shop > Professional Gifts > Compasses > Outdoor Furniture Covers || Gift Shop > Professional Gifts > Compasses > Outdoor Heaters || Facilities > Grounds Maintenance > Watering Equipment > Lawn Sprinklers || Facilities > Grounds Maintenance > Outdoor Tools || School Supplies > Teacher Supplies > Physical Education & Recreation > Outdoor Games",,,
WestElm,Kitchen & Dining > Drinkware & Barware > Wine & Champagne Glasses,Kitchen & Dining > Drinkware & Barware > Wine & Champagne Glasses,True,stratified sample,"Appliances & Kitchenware > Kitchenware > Dining & Tableware > Drinkware & Glassware || Restaurant & Foodservice Supplies > Tabletop > Bar Glassware || Gift Shop > Professional Gifts > Wine Accessories || Restaurant & Foodservice Supplies > Tabletop > Glassware || Appliances & Kitchenware > Kitchenware > Dining & Tableware > Carafes, Pitchers & Tumblers || Coffee, Water & Snacks > Water & Beverages > Water Bottles, Tumblers & Travel Mugs || Coffee, Water & Snacks > Coffee, Coffee Makers & Supplies > Carafes, Kettles & Decanters || Restaurant & Foodservice Supplies > Smallwares > Wine Stands & Chiller Buckets || Coffee, Water & Snacks > Plates, Cups & Cutlery || Coffee, Water & Snacks > Breakroom Appliances > Drink Makers || Wearable Technology > Camera Glasses || Safety Supplies > Personal Protective Equipment (PPE) > Eye Protection > Safety Glasses, Goggles & Accessories",,,
WestElm,Window > Curtain Rods & Hardware,Window > Curtain Rods & Hardware,False,stratified sample,Facilities > Hardware > Door Hardware > Door Strips || Facilities > Hardware > Door Hardware > Door Stops & Bumpers || Retail Store Supplies > Store Fixtures & Retail Displays > Floor & Wall Mirrors || Retail Store Supplies > Store Fixtures & Retail Displays > Slat-Grid Panels & Accessories || Facilities > Hardware > Door Hardware || Retail Store Supplies > Store Fixtures & Retail Displays > Wire Grid Panels & Accessories || Facilities > Hardware > Door Hardware > Push Plates & Pulls || Facilities > Hardware > Ceiling || Furniture > Cubicle & Panel Systems > Desktop Privacy Panels || Retail Store Supplies > Store Fixtures & Retail Displays > Slatwall Panels & Accessories || Facilities > Plumbing > Bathroom Hardware || Retail Store Supplies > Sewing & Tailoring > Handbag Hardware,,,
WestElm,Lighting > Ceiling Lighting > Chandeliers,Lighting > Ceiling Lighting > Chandeliers,True,stratified sample,Furniture > Lamps & Lighting > Ceiling Lighting || Furniture > Lamps & Lighting > Wall Lamps || Furniture > Lamps & Lighting > Floor Lamps || Furniture > Lamps & Lighting || Furniture > Lamps & Lighting > Accent Lighting || Furniture > Lamps & Lighting > Outdoor Lighting || Furniture > Lamps & Lighting > Lamp Shades || Furniture > Lamps & Lighting > Table Lamps || Furniture > Lamps & Lighting > Desk Lamps || Furniture > Lamps & Lighting > Specialty Lighting || Facilities > Hand & Power Tools > Hand Tools > Pliers || Retail Store Supplies > Store Fixtures & Retail Displays > Merchandisers,,,
WestElm,Lighting > Sconces > Sconces,Lighting > Sconces,True,stratified sample,"Furniture > Lamps & Lighting > Ceiling Lighting || Furniture > Lamps & Lighting > Wall Lamps || Furniture > Lamps & Lighting > Outdoor Lighting || Furniture > Lamps & Lighting > Accent Lighting || Furniture > Lamps & Lighting > Lamp Shades || Furniture > Lamps & Lighting > Lighting Controls, Dimmers & Accessories > Lighting Accessories || Furniture > Lamps & Lighting > Lighting Controls, Dimmers & Accessories || Furniture > Lamps & Lighting > Floor Lamps || Furniture > Lamps & Lighting || Furniture > Lamps & Lighting > Desk Lamps || Restaurant & Foodservice Supplies > Concession Stand Supplies || Appliances & Kitchenware > Small Appliances",,,
WestElm,Window > Window Shades > Window Shades,Window > Window Shades,True,stratified sample,"Furniture > Decor > Curtains, Blinds & Shades || Furniture > Decor > Seasonal Decor > Window & Wall Decor & Signs || Retail Store Supplies > Store Fixtures & Retail Displays > Floor & Wall Mirrors || Furniture > Cubicle & Panel Systems > Desktop Privacy Panels || Furniture > Lamps & Lighting > Lamp Shades || Facilities > Hardware > Ceiling > Ceiling Tiles || Retail Store Supplies > Store Fixtures & Retail Displays > Slat-Grid Panels & Accessories || Facilities > Hardware > Door Hardware > Door Strips || Furniture > Decor > Shower Curtains & Accessories || Furniture > Decor > Mirrors || Computers & Accessories > Windows 10 PCs || Computer Software > Windows Operating Systems",,,
WestElm,Bedding > All Bedding > Duvet Covers & Shams,Bedding > Duvet Covers & Shams,True,stratified sample,Furniture > Decor > Beds & Bedding > Bedding || Furniture > Decor > Beds & Bedding > Pillows || Furniture > Decor > Beds & Bedding || Furniture > Decor > Beds & Bedding > Mattress Pads & Toppers || Furniture > Decor > Beds & Bedding > Blankets & Throws || Furniture > Decor > Beds & Bedding > Beds & Mattresses || Furniture > Decor > Beds & Bedding > Headboards || Retail Store Supplies > Spa & Salon > Spa & Massage > Pillows & Pillow Cover || Retail Store Supplies > Spa & Salon > Spa & Massage > Sheets & Linens || Furniture > Decor > Bath Mats & Towels || Safety Supplies > Personal Protective Equipment (PPE) > Shoe Covers || Facilities > Paint Supplies > Paint Accessories > Roller Covers,,,
WestElm,Lighting > Sconces,Lighting > Sconces,False,stratified sample,"Furniture > Lamps & Lighting > Ceiling Lighting || Furniture > Lamps & Lighting > Wall Lamps || Furniture > Lamps & Lighting > Outdoor Lighting || Furniture > Lamps & Lighting > Accent Lighting || Furniture > Lamps & Lighting > Lamp Shades || Furniture > Lamps & Lighting > Lighting Controls, Dimmers & Accessories > Lighting Accessories || Furniture > Lamps & Lighting > Lighting Controls, Dimmers & Accessories || Furniture > Lamps & Lighting > Floor Lamps || Furniture > Lamps & Lighting || Furniture > Lamps & Lighting > Desk Lamps || Restaurant & Foodservice Supplies > Concession Stand Supplies || Appliances & Kitchenware > Small Appliances",,,
WestElm,Pillows & Decor > Room Decor > Vases,Pillows & Decor > Room Decor > Vases,True,stratified sample,"Furniture > Decor > Home & Office Decor > Decorative Baskets, Bowls and Boxes || Furniture > Decor > Candles || Furniture > Decor > Seasonal Decor > Figurines & Tabletop Decor || Furniture > Decor > Home & Office Decor > Decorative Plates || Decor || Furniture > Decor > Seasonal Decor > Ornaments & Tree Decor || Furniture > Decor > Shower Curtains & Accessories || Furniture > Decor > Decorative Accents || Furniture > Decor > Seasonal Decor > Standing Decor || Decor > Rugs || Furniture > Home & Office Tables > Table Components > Table Bases || TV & Streaming Media > DJ Equipment & Musical Instruments > Music Cases",,,
WestElm,Art & Mirrors > Wall Organization & Decor > Wallpaper & Paneling,Art & Mirrors > Wall Organization & Decor > Wallpaper & Paneling,True,stratified sample,"Furniture > Decor > Wall Art || Furniture > Decor > Wall Art > Wall Art/Decor || Furniture > Decor > Wall Art > Wall Decals || Furniture > Decor > Seasonal Decor > Window & Wall Decor & Signs || Furniture > Decor > Wall Art > Framed Posters || Furniture > Decor > Decorative Accents || Furniture > Decor > Home & Office Decor > Accent Room Dividers || Furniture > Decor > Shower Curtains & Accessories || Furniture > Decor > Home & Office Decor > Decorative Plates || Furniture > Decor > Curtains, Blinds & Shades || Paper || Gift Shop > Professional Gifts > Compasses > Solar Panels",,,
WestElm,Office > Shop By Category > Rugs & Carpet Tiles,Office > Rugs & Carpet Tiles,True,stratified sample,Furniture > Home & Office Tables || Furniture > Standing Desk Mats || Furniture > Decor > Home & Office Decor > Home & Office Bars || Facilities > Floor Mats & Flooring > Commercial Floor Mats || Furniture > Decor > Home & Office Decor || Furniture > Chairs & Seating > Office Chairs || Cleaning Supplies > Floor & Carpet Cleaning Equipment > Floor Pads || Cleaning Supplies > Floor & Carpet Cleaning Equipment > Floor Machines & Burnishers || Office Supplies || Furniture > Chair Mats || Decor > Rugs || Cleaning Supplies > Cleaning Chemicals & Wipes > Carpet Care,,,
WestElm,Lighting > Ceiling Lighting > Flush Mounts,Lighting > Ceiling Lighting > Flush Mounts,True,stratified sample,"Furniture > Lamps & Lighting > Ceiling Lighting || Furniture > Lamps & Lighting > Wall Lamps || Furniture > Lamps & Lighting > Under Cabinet Lighting || Facilities > Hardware > Ceiling || Facilities > Plumbing > Tubs and Showers > Wall Mounted Shower Heads || Furniture > Lamps & Lighting > Lighting Controls, Dimmers & Accessories > Lighting Accessories || Furniture > Lamps & Lighting > Floor Lamps || Facilities > Hardware > Ceiling > Ceiling Tiles || Furniture > Lamps & Lighting > Lighting Controls, Dimmers & Accessories || Furniture > Lamps & Lighting > Outdoor Lighting || Facilities > Plumbing > Toilets and Urinals > Flush Valves || TV & Streaming Media > TV & Video > TV Wall Mounts",,,
WestElm,Kitchen & Dining > Kitchen > Kitchen Towels & Pot Holders,Kitchen & Dining > Kitchen > Kitchen Towels & Pot Holders,True,stratified sample,"Appliances & Kitchenware > Kitchenware > Kitchen Tools > Kitchen Pizza Tools || Appliances & Kitchenware > Kitchenware > Kitchen Accessories > Kitchen Storage & Organization || Appliances & Kitchenware > Kitchenware > Kitchen Tools > Cooking Utensils || Appliances & Kitchenware > Kitchenware > Kitchen Tools > Pots & Pans || Restaurant & Foodservice Supplies > Restaurant Storage & Transport > Kitchen Racks || Appliances & Kitchenware > Kitchenware > Kitchen Accessories || Furniture > Decor > Bath Mats & Towels || Appliances & Kitchenware > Kitchenware > Kitchen Accessories > Cookbooks & Recipe Holders || Appliances & Kitchenware > Kitchenware > Kitchen Tools || Appliances & Kitchenware > Kitchenware > Kitchen Accessories > Oven Mitts & Potholders || Coffee, Water & Snacks > Paper Products > Paper Towels",,,
WestElm,Kitchen & Dining > Drinkware & Barware > Bar Tools,Kitchen & Dining > Drinkware & Barware > Bar Tools,True,stratified sample,"Restaurant & Foodservice Supplies > Tabletop > Bar Glassware || Appliances & Kitchenware > Kitchenware > Kitchen Tools > Kitchen Pizza Tools || Gift Shop > Professional Gifts > Bar Accessories || Restaurant & Foodservice Supplies > Bar Supplies || Appliances & Kitchenware > Kitchenware > Kitchen Tools > Kitchen Tools & Gadgets || Appliances & Kitchenware > Kitchenware > Kitchen Tools || Restaurant & Foodservice Supplies > Smallwares > Commercial Kitchen Tools || Restaurant & Foodservice Supplies > Commercial Restaurant Equipment > Kitchen Work & Prep Tables || Restaurant & Foodservice Supplies > Restaurant Storage & Transport > Kitchen Racks || Appliances & Kitchenware > Kitchenware > Dining & Tableware > Drinkware & Glassware || Tools, Parts & Supplies > Hand Tools || Facilities > Hand & Power Tools > Hand Tools",,,
WestElm,Furniture > Living Room > End & Side Tables,Furniture > Living Room > End & Side Tables,True,stratified sample,"Furniture > Home & Office Tables > Training Room Tables || Furniture > Home & Office Tables > Conference Room Tables || Furniture > Home & Office Tables > Table Components || Furniture > Home & Office Tables > Accent & Coffee Tables || Furniture > Home & Office Tables > Classroom & Kids' Tables || Furniture > Home & Office Tables || Furniture > Decor > Home & Office Decor > Living Room Accents || Furniture > Chairs & Seating > Accent & Waiting Room Chairs || Furniture > Home & Office Tables > Table Components > Table Tops || Furniture > Home & Office Tables > Folding Tables || Tools, Parts & Supplies > End Brushes || Facilities > Hand & Power Tools > Tool Storage > Tool Chests & Side Cabinets",,,
WestElm,Window > Curtains > Patterned Curtains,Window > Curtains > Patterned Curtains,True,stratified sample,"Furniture > Decor > Curtains, Blinds & Shades || Furniture > Decor > Shower Curtains & Accessories || Furniture > Decor > Seasonal Decor > Window & Wall Decor & Signs || Decor > Rug Pads || Furniture > Decor > Bath Mats & Towels || Furniture > Decor > Decorative Accents || Furniture > Decor > Beds & Bedding > Pillows || Furniture > Decor > Home & Office Decor > Accent Room Dividers || Furniture > Decor > Home & Office Decor > Decorative Plates || Retail Store Supplies > Sewing & Tailoring > Fabric || Retail Store Supplies > Sewing & Tailoring > Patterns & Sewing Books || Facilities > Hardware > Chain, Rope & Tie Downs > Chains",,,
WestElm,Kitchen & Dining > Serveware > Serving Bowls,Kitchen & Dining > Serveware > Serving Bowls,True,stratified sample,"Coffee, Water & Snacks > Plates, Cups & Cutlery || Appliances & Kitchenware > Kitchenware > Kitchen Tools > Mixing Bowls || Furniture > Decor > Home & Office Decor > Decorative Baskets, Bowls and Boxes || Restaurant & Foodservice Supplies > Restaurant Storage & Transport > Chafing Dishes & Buffet Accessories || Coffee, Water & Snacks > Single Serve Coffee, Tea & Cocoa || Party Supplies > Disposable Bowls || Appliances & Kitchenware > Kitchenware > Dining & Tableware > Salt and Pepper Shakers & Mills || Restaurant & Foodservice Supplies > Commercial Restaurant Equipment > Kitchen Work & Prep Tables || Appliances & Kitchenware > Kitchenware > Kitchen Tools > Salad Spinners || Restaurant & Foodservice Supplies > Restaurant Storage & Transport > Kitchen Racks || Computers & Accessories > Servers & Accessories > Servers || Restaurant & Foodservice Supplies > Tabletop > Serveware",,,
WestElm,Window > Curtain Rods & Hardware > Curtain Rods & Hardware,Window > Curtain Rods & Hardware,True,stratified sample,Facilities > Hardware > Door Hardware > Door Strips || Facilities > Hardware > Door Hardware > Door Stops & Bumpers || Retail Store Supplies > Store Fixtures & Retail Displays > Floor & Wall Mirrors || Retail Store Supplies > Store Fixtures & Retail Displays > Slat-Grid Panels & Accessories || Facilities > Hardware > Door Hardware || Retail Store Supplies > Store Fixtures & Retail Displays > Wire Grid Panels & Accessories || Facilities > Hardware > Door Hardware > Push Plates & Pulls || Facilities > Hardware > Ceiling || Furniture > Cubicle & Panel Systems > Desktop Privacy Panels || Retail Store Supplies > Store Fixtures & Retail Displays > Slatwall Panels & Accessories || Facilities > Plumbing > Bathroom Hardware || Retail Store Supplies > Sewing & Tailoring > Handbag Hardware,,,
WestElm,Furniture > Living Room > Console & Sofa Tables,Furniture > Living Room > Console & Sofa Tables,True,stratified sample,Furniture > Chairs & Seating > Accent & Waiting Room Chairs || Furniture > Home & Office Tables || Furniture > Standing Desk Mats || Furniture > Home & Office Tables > Training Room Tables || Furniture > Home & Office Tables > Folding Tables || Furniture > Chairs & Seating > Gaming Chairs || Furniture > Home & Office Tables > Accent & Coffee Tables || Furniture > Home & Office Tables > Conference Room Tables || Furniture > Chairs & Seating || Furniture > Home & Office Tables > Breakroom & Dining Tables || Gaming > Gaming Consoles || Gaming > Handheld Consoles,,,
WestElm,Art & Mirrors > Art > Dimensional Art,Art & Mirrors > Art > Dimensional Art,True,stratified sample,Furniture > Decor > Wall Art > Abstract Art || Furniture > Decor > Wall Art > Nature Landscape Art || Furniture > Decor > Wall Art > Contemporary Art || Furniture > Decor > Wall Art > Animal Art || Furniture > Decor > Wall Art > Sports Art || Furniture > Decor > Wall Art > Art by Famous Artists || Furniture > Decor > Wall Art > Music Art || Furniture > Decor > Wall Art > Floral Art || Furniture > Decor > Wall Art > Kids & Whimsical Art || Furniture > Decor > Wall Art > Map Art || Furniture > Decor > Wall Art > Motivational Art || Furniture > Decor > Wall Art,,,
WestElm,Pillows & Decor > Room Decor > Decorative Objects,Pillows & Decor > Room Decor > Decorative Objects,True,stratified sample,"Furniture > Decor > Home & Office Decor > Decorative Plates || Furniture > Decor > Home & Office Decor > Decorative Baskets, Bowls and Boxes || Furniture > Decor > Seasonal Decor > Window & Wall Decor & Signs || Furniture > Decor > Wall Art || Furniture > Decor > Decorative Accents || Furniture > Decor > Wall Art > Wall Art/Decor || Furniture > Decor > Seasonal Decor > Ornaments & Tree Decor || Furniture > Decor > Seasonal Decor > Standing Decor || Furniture > Decor > Shower Curtains & Accessories || Furniture > Decor > Home & Office Decor > Accent Room Dividers || Retail Store Supplies > Retail Packaging > Decorative Shipping Boxes || School Supplies > Teacher Supplies > Classroom Decorations > Decorative Accents & Board Sets",,,
WestElm,Pillows & Decor > Room Decor > Jewelry Storage,Pillows & Decor > Room Decor > Jewelry Storage,True,stratified sample,"Furniture > Decor > Home & Office Decor || Furniture > Decor > Home & Office Decor > Decorative Baskets, Bowls and Boxes || Furniture > Decor > Shower Curtains & Accessories || Furniture > Decor > Bath & Shower Accessories || Furniture > Storage Furniture > Clothing Racks & Closet Organization || Furniture > Decor > Home & Office Decor > Accent Room Dividers || Furniture > Decor || Furniture > Decor > Home & Office Decor > Decorative Plates || Furniture > Decor > Home & Office Decor > Living Room Accents || Furniture > Decor > Home & Office Decor > Accent Furniture || Gift Shop > Home, Personal & Travel > Jewelry Boxes & Cases || Office Supplies > Folders & Filing > File Storage",,,
WestElm,Outdoor > Outdoor Lounge Furniture > Side Tables,Outdoor > Outdoor Lounge Furniture > Side Tables,True,stratified sample,Furniture > Home & Office Tables > Folding Tables || Furniture > Home & Office Tables > Accent & Coffee Tables || Furniture > Home & Office Tables > Training Room Tables || Furniture > Home & Office Tables > Table Components > Table Tops || Gift Shop > Game Room & Toys > Game Room > Pool Tables & Accessories || Furniture > Chairs & Seating > Accent & Waiting Room Chairs || Furniture > Home & Office Tables > Conference Room Tables || Furniture > Home & Office Tables > Table Components || Furniture > Home & Office Tables > Breakroom & Dining Tables || Furniture > Home & Office Tables || Facilities > Hand & Power Tools > Tool Storage > Tool Chests & Side Cabinets || Retail Store Supplies > Spa & Salon > Spa & Massage > Massage Tables,,,
WestElm,Outdoor > Outdoor Lounge Furniture,Outdoor > Outdoor Lounge Furniture,False,stratified sample,Furniture > Decor > Home & Office Decor > Indoor Fireplaces || Furniture > Lamps & Lighting > Outdoor Lighting || Gift Shop > Professional Gifts > Compasses > Outdoor Decor || Gift Shop > Professional Gifts > Compasses > Outdoor Furniture Covers || Gift Shop > Professional Gifts > Compasses > Patio Furniture || Furniture > Chairs & Seating || Furniture > Chairs & Seating > Breakroom & Dining Chairs || Facilities > Grounds Maintenance > Outdoor Tools || Healthcare Supplies > Durable Medical Equipment > Shower & Bath Aids > Shower Chairs / Benches || Gift Shop > Game Room & Toys > Game Room > Pool Tables & Accessories || Furniture || Furniture > Storage Furniture,,,
WestElm,Storage > Storage Accessories > Travel & Commuting,Storage > Storage Accessories > Travel & Commuting,True,stratified sample,"Bags, Backpacks & Luggage > Luggage & Travel Accessories > Travel Accessories > Personal Travel Accessories || Bags, Backpacks & Luggage > Luggage & Travel Accessories > Travel Accessories || Bags, Backpacks & Luggage > Luggage & Travel Accessories > Travel Accessories > Toiletry Bags, Packing Cubes & Travel Pouches || Bags, Backpacks & Luggage > Luggage & Travel Accessories > Travel Accessories > Luggage Tags, Locks & Covers || Bags, Backpacks & Luggage > Luggage & Travel Accessories || Office Supplies > Storage & Organization > Storage Bins || Restaurant & Foodservice Supplies > Restaurant Storage & Transport > Food Storage & Containers || Furniture > Storage Furniture > Electronics & Computer Storage Units || Office Supplies > Storage & Organization > Storage Baskets || Office Supplies > Storage & Organization > Storage Furniture || Gift Shop > Home, Personal & Travel || Coffee, Water & Snacks > Water & Beverages > Water Bottles, Tumblers & Travel Mugs",,,
WestElm,Window > Curtains > Solid Curtains,Window > Curtains > Solid Curtains,True,stratified sample,"Furniture > Decor > Curtains, Blinds & Shades || Furniture > Decor > Shower Curtains & Accessories || Furniture > Decor > Seasonal Decor > Window & Wall Decor & Signs || Furniture > Decor > Home & Office Decor > Accent Room Dividers || Furniture > Cubicle & Panel Systems || Furniture > Storage Furniture > Coat Trees, Stands & Hooks || Furniture > Decor > Bath Mats & Towels || Furniture > Decor > Beds & Bedding > Blankets & Throws || Retail Store Supplies > Store Fixtures & Retail Displays > Floor & Wall Mirrors || Decor > Rug Pads || Hard Drives & Data Storage > Solid State Drives || Facilities > Hardware > Chain, Rope & Tie Downs > Chains",,,
WestElm,Kitchen & Dining,Kitchen & Dining,False,stratified sample,Furniture > Home & Office Tables > Breakroom & Dining Tables || Restaurant & Foodservice Supplies > Restaurant Storage & Transport > Kitchen Racks || Appliances & Kitchenware > Kitchenware > Kitchen Tools > Kitchen Pizza Tools || Restaurant & Foodservice Supplies > Commercial Restaurant Equipment > Kitchen Work & Prep Tables || Furniture > Chairs & Seating > Breakroom & Dining Chairs || Appliances & Kitchenware > Kitchenware > Kitchen Accessories > Kitchen Storage & Organization || Furniture > Decor > Home & Office Decor > Living Room Accents || Furniture > Decor > Wall Art > Food & Kitchen Art || Appliances & Kitchenware > Kitchenware > Dining & Tableware || Appliances & Kitchenware > Kitchenware > Kitchen Accessories || Appliances & Kitchenware > Kitchenware > Kitchen Tools,,,
WestElm,Outdoor > Outdoor Solutions > Furniture Cushion & Cushion Covers,Outdoor > Outdoor Solutions > Furniture Cushion & Cushion Covers,True,stratified sample,Gift Shop > Professional Gifts > Compasses > Outdoor Furniture Covers || Furniture > Chair Mats || Furniture > Chairs & Seating > Chair Parts & Accessories || Healthcare Supplies > Durable Medical Equipment > Shower & Bath Aids > Shower Chairs / Benches || Healthcare Supplies > Durable Medical Equipment > Positioning Aids & Pressure Relief > Wheelchair Seat & Back Cushions || Furniture > Standing Desk Mats || Furniture > Chairs & Seating || Furniture > Storage Furniture || Retail Store Supplies > Spa & Salon > Spa & Massage > Pillows & Pillow Cover || Furniture > Storage Furniture > Media Storage Furniture || Furniture || Furniture > Decor,,,
WestElm,Rugs > Rugs By Type > Performance & Washable Rugs,Rugs > Performance & Washable Rugs,True,stratified sample,"Decor > Rugs || Decor > Rug Pads || Furniture > Decor > Bath Mats & Towels || Furniture > Chair Mats || Furniture > Decor > Beds & Bedding > Pillows || Furniture > Decor > Beds & Bedding > Blankets & Throws || Furniture > Decor > Shower Curtains & Accessories || Retail Store Supplies > Sewing & Tailoring > Fabric || Furniture > Decor > Beds & Bedding > Mattress Pads & Toppers || Furniture > Decor > Curtains, Blinds & Shades || Paper > Wide Format Paper || Healthcare Supplies > Personal Care > Maternity > Perineal Spray & Wash",,,
WestElm,Bath > Bath Linens,Bath > Bath Linens,False,stratified sample,Furniture > Decor > Bath & Shower Accessories || Furniture > Decor > Bath Mats & Towels || Retail Store Supplies > Spa & Salon > Bath & Body || Retail Store Supplies > Spa & Salon > Spa & Massage > Sheets & Linens || Furniture > Decor > Beds & Bedding || Healthcare Supplies > Durable Medical Equipment > Shower & Bath Aids || Healthcare Supplies > Durable Medical Equipment > Shower & Bath Aids > Shower Chairs / Benches || Retail Store Supplies > Spa & Salon > Bath & Body > Shower Caps || Furniture > Decor > Beds & Bedding > Beds & Mattresses || Furniture > Decor > Shower Curtains & Accessories || Healthcare Supplies > Patient Care > Exam Room Supplies & Equipment > Disposable Linens & Pillows,,,
WestElm,Outdoor > Outdoor Dining Furniture,Outdoor > Outdoor Dining Furniture,False,stratified sample,Furniture > Decor > Home & Office Decor > Indoor Fireplaces || Furniture > Lamps & Lighting > Outdoor Lighting || Gift Shop > Professional Gifts > Compasses > Outdoor Decor || Gift Shop > Professional Gifts > Compasses > Outdoor Furniture Covers || Gift Shop > Professional Gifts > Compasses > Patio Furniture || Furniture > Chairs & Seating || Facilities > Grounds Maintenance > Outdoor Tools || Furniture > Decor || Furniture > Chairs & Seating > Breakroom & Dining Chairs || Furniture > Home & Office Tables > Breakroom & Dining Tables || Furniture || Furniture > Storage Furniture,,,
WestElm,Bath > Bathroom Accessories > Bathroom Accessories,Bath > Bathroom Accessories,True,stratified sample,Furniture > Decor > Bath & Shower Accessories || Furniture > Decor > Bath Mats & Towels || Retail Store Supplies > Spa & Salon > Bath & Body || Retail Store Supplies > Spa & Salon > Bath & Body > Shower Caps || Furniture > Decor > Shower Curtains & Accessories || Healthcare Supplies > Durable Medical Equipment > Shower & Bath Aids > Shower Chairs / Benches || Healthcare Supplies > Durable Medical Equipment > Shower & Bath Aids || Facilities > Bathroom Fixtures > Toilet Seat Cover Dispensers || Facilities > Plumbing > Bathroom Hardware || Facilities > Plumbing > Bathroom Hardware > Bathroom Safety Hardware || Facilities > Heating & Cooling > Bathroom Fans || Facilities > Bathroom Fixtures,,,
WestElm,Outdoor,Outdoor,False,stratified sample,Furniture > Lamps & Lighting > Outdoor Lighting || Furniture > Decor > Home & Office Decor > Indoor Fireplaces || Facilities > Grounds Maintenance > Outdoor Tools || Gift Shop > Professional Gifts > Compasses > Outdoor Decor || Expanded Assortment > Outdoors & Recreation || Gift Shop > Professional Gifts > Compasses > Outdoor Heaters || Gift Shop > Professional Gifts > Compasses > Outdoor Furniture Covers || School Supplies > Teacher Supplies > Physical Education & Recreation > Outdoor Games || Facilities > Grounds Maintenance > Outdoor Tools > Lawn & Garden Tools || Retail Store Supplies > Retail Signage > Indoor & Outdoor Retail Signage,,,
WestElm,Art & Mirrors > Frames > Picture Frame Sets,Art & Mirrors > Frames > Picture Frame Sets,True,stratified sample,"Furniture > Decor > Picture Frames & Photo Albums || Facilities > Paint Supplies > Paint Accessories > Roller Frames || Phones, Cameras & Electronics > Cameras, Camcorders & Accessories > Digital Picture Frames || Furniture > Decor > Wall Art > Framed Posters || Retail Store Supplies > Store Fixtures & Retail Displays > Floor & Wall Mirrors || Furniture > Storage Furniture > Display Cases || Tools, Parts & Supplies > Chalk Reels & Marking Tools > Steel Hand Stamp Sets || Furniture > Storage Furniture > Coat Trees, Stands & Hooks || Furniture > Decor > Wall Art > Wall Decals || School Supplies > Teacher Supplies > Classroom Decorations > Decorative Accents & Board Sets || Gift Shop > Gift Sets, Photo & Custom Gifts > Gift Sets || Facilities > Hand & Power Tools > Hand Tools > Hand Tool Sets",,,
WestElm,Bath > Bathroom Furniture > Medicine Cabinets & Mirrors,Bath > Bathroom Furniture > Medicine Cabinets & Mirrors,True,stratified sample,Furniture > Decor > Bath & Shower Accessories || Healthcare Supplies > Durable Medical Equipment > Shower & Bath Aids > Shower Chairs / Benches || Furniture > Decor > Mirrors || Furniture > Storage Furniture > Storage Cabinets || Retail Store Supplies > Store Fixtures & Retail Displays > Floor & Wall Mirrors || Furniture > Cubicle & Panel Systems || Facilities > Bathroom Fixtures > Toilet Seat Cover Dispensers || Furniture > Decor > Shower Curtains & Accessories || Furniture > Decor > Bath Mats & Towels || Healthcare Supplies > Durable Medical Equipment > Shower & Bath Aids || Healthcare Supplies > Patient Care > Medical Practice Furniture > Medical Cabinets || Healthcare Supplies > Professional Dental Supplies > Dental Instruments > Dental Mirrors,,,
WestElm,Office > Shop By Category > Office Furniture Sets,Office > Office Furniture Sets,True,stratified sample,Furniture > Home & Office Tables || Office Supplies || Furniture > Decor > Home & Office Decor > Home & Office Bars || Office Supplies > Office Basics || Furniture > Chairs & Seating > Office Chairs || Office Supplies > Desk Organizers & Accessories || Furniture > Desks > Office Desks || Furniture > Home & Office Tables > Training Room Tables || Furniture > Home & Office Tables > Conference Room Tables || Office Supplies > Office Basics > Office Supply Kits || Furniture || Furniture > Storage Furniture,,,
WestElm,Kitchen & Dining > Table Linens > Placemats & Chargers,Kitchen & Dining > Table Linens > Placemats & Chargers,True,stratified sample,"Restaurant & Foodservice Supplies > Tabletop > Placemats & Tablecloths || Furniture > Decor > Bath Mats & Towels || Furniture > Decor > Shower Curtains & Accessories || Furniture > Decor > Beds & Bedding > Pillows || Appliances & Kitchenware > Kitchenware > Kitchen Accessories > Aprons || Furniture > Decor > Home & Office Decor > Decorative Baskets, Bowls and Boxes || Party Supplies > Napkins || Appliances & Kitchenware > Kitchenware > Dining & Tableware || Appliances & Kitchenware > Kitchenware > Dining & Tableware > Flatware & Cutlery || Healthcare Supplies > Patient Care > Exam Room Supplies & Equipment > Disposable Linens & Pillows || Phones, Cameras & Electronics > Chargers & Charging Cables || Computers & Accessories > Computer Accessories & Peripherals > Laptop Accessories > Laptop Chargers & Adapters",,,
WestElm,Pillows & Decor > Featured > Decorative Pillow Inserts,Pillows & Decor > Decorative Pillow Inserts,True,stratified sample,"Furniture > Decor > Beds & Bedding > Pillows || Furniture > Decor > Beds & Bedding > Mattress Pads & Toppers || Decor > Rug Pads || Furniture > Decor > Bath Mats & Towels || Furniture > Decor > Shower Curtains & Accessories || Furniture > Decor > Decorative Accents || Retail Store Supplies > Spa & Salon > Spa & Massage > Pillows & Pillow Cover || Furniture > Decor > Home & Office Decor > Decorative Plates || Furniture > Decor > Beds & Bedding || Furniture > Decor > Home & Office Decor > Decorative Baskets, Bowls and Boxes || Laboratory & Scientific Supplies > Labware & Consumables > Vials & Vial Inserts",,,
WestElm,Outdoor > Outdoor Dining Furniture > Outdoor Kitchen Furniture,Outdoor > Outdoor Dining Furniture > Outdoor Kitchen Furniture,True,stratified sample,Furniture > Decor > Home & Office Decor > Indoor Fireplaces || Furniture > Decor || Gift Shop > Professional Gifts > Compasses > Patio Furniture || Furniture > Storage Furniture || Furniture || Furniture > Home & Office Tables || Furniture > Decor > Home & Office Decor || Furniture > Chairs & Seating || Furniture > Lamps & Lighting > Outdoor Lighting || Furniture > School Furniture || Gift Shop > Professional Gifts > Compasses > Outdoor Furniture Covers,,,
WestElm,Art & Mirrors > Wall Organization & Decor,Art & Mirrors > Wall Organization & Decor,False,stratified sample,Furniture > Decor > Wall Art || Furniture > Decor > Wall Art > Wall Art/Decor || Furniture > Decor > Wall Art > Contemporary Art || Furniture > Decor > Mirrors || Furniture > Decor > Wall Art > Food & Kitchen Art || Furniture > Decor > Wall Art > People & Fashion Art || Furniture > Decor > Wall Art > Nature Landscape Art || Furniture > Decor > Wall Art > Kids & Whimsical Art || Furniture > Decor > Wall Art > Wall Decals || Furniture > Decor > Seasonal Decor > Window & Wall Decor & Signs || Office Supplies > Storage & Organization || Furniture > Storage Furniture > Storage Organization,,,
WestElm,"Pillows & Decor > Pillows, Throws & Poufs > Poufs & Floor Pillows","Pillows & Decor > Pillows, Throws & Poufs > Poufs & Floor Pillows",True,stratified sample,Furniture > Decor > Beds & Bedding > Pillows || Furniture > Decor > Beds & Bedding > Blankets & Throws || Furniture > Chairs & Seating > Stools & Ottomans || Furniture > Decor > Bath Mats & Towels || Furniture > Chairs & Seating > Stools & Ottomans > Ottomans || Furniture > Decor > Beds & Bedding > Mattress Pads & Toppers || Furniture > Decor > Beds & Bedding > Headboards || Furniture > Decor > Beds & Bedding || Decor > Rug Pads || Furniture > Decor > Shower Curtains & Accessories || Retail Store Supplies > Spa & Salon > Spa & Massage > Pillows & Pillow Cover || Cleaning Supplies > Floor & Carpet Cleaning Equipment > Floor Pads,,,
WestElm,Furniture > Featured > Furniture Cushions & Slipcovers,Furniture > Furniture Cushions & Slipcovers,True,stratified sample,Furniture || Furniture > Decor || Furniture > Storage Furniture || Furniture > Chairs & Seating || Furniture > Chair Mats || Furniture > Chairs & Seating > Sofas & Benches || Furniture > Bookcases & Bookshelves || Furniture > Chairs & Seating > Stools & Ottomans || Furniture > School Furniture || Furniture > Desks || Gift Shop > Professional Gifts > Compasses > Outdoor Furniture Covers || Gift Shop > Professional Gifts > Compasses > Patio Furniture,,,
WestElm,Furniture > Home Office > Filing Cabinets,Furniture > Home Office > Filing Cabinets,True,stratified sample,Furniture > File Cabinets || Office Supplies > Folders & Filing > Filing Accessories || Furniture > Home & Office Tables || Office Supplies > Folders & Filing || Furniture > Storage Furniture > Storage Cabinets || Furniture > Decor > Home & Office Decor > Home & Office Bars || Furniture > Desks > Office Desks || Furniture > Home & Office Tables > Specialty & Drafting Tables || Furniture > Cubicle & Panel Systems || Office Supplies > Desk Organizers & Accessories || Laboratory & Scientific Supplies > Lab Furniture & Fixtures > Lab Cabinets,,,
WestElm,Office > Shop By Category > Desk Chairs,Office > Desk Chairs,True,stratified sample,Furniture > Chairs & Seating > Office Chairs || Furniture > Desks > Office Desks || Office Supplies > Desk Organizers & Accessories || Office Supplies > Desk Organizers & Accessories > Desk Pads || Office Supplies > Desk Organizers & Accessories > Desk Organizers || Office Supplies > Desk Organizers & Accessories > Desk Organizer Sets || Furniture > Home & Office Tables || Furniture > Home & Office Tables > Conference Room Tables || Furniture > Standing Desk Mats || Furniture > Desks > Sit & Stand Desks || Furniture > Desks || Healthcare Supplies > Durable Medical Equipment > Patient Lift & Transfer > Lift Chairs,,,
WestElm,Rugs > Custom Sized Rugs,Rugs > Custom Sized Rugs,False,stratified sample,"Decor > Rugs || Decor > Rug Pads || Furniture > Decor > Bath Mats & Towels || Furniture > Decor > Home & Office Decor > Decorative Baskets, Bowls and Boxes || Furniture > Decor > Shower Curtains & Accessories || Furniture > Chair Mats || Furniture > Decor > Beds & Bedding > Pillows || Furniture > Decor > Curtains, Blinds & Shades || Furniture > Decor > Beds & Bedding || Furniture > Decor > Home & Office Decor > Decorative Plates || Gift Shop > Gift Sets, Photo & Custom Gifts > Custom Apparel || Retail Store Supplies > Retail Signage > Custom Retail Signage",,,
WestElm,Window > Window Shades > Custom Curtains & Shades,Window > Window Shades > Custom Curtains & Shades,True,stratified sample,"Furniture > Decor > Curtains, Blinds & Shades || Furniture > Decor > Shower Curtains & Accessories || Furniture > Lamps & Lighting > Lamp Shades || Furniture > Decor > Seasonal Decor > Window & Wall Decor & Signs || Furniture > Decor > Mirrors || Retail Store Supplies > Store Fixtures & Retail Displays > Floor & Wall Mirrors || Retail Store Supplies > Store Fixtures & Retail Displays > Slatwall Panels & Accessories || Retail Store Supplies > Store Fixtures & Retail Displays > Slat-Grid Panels & Accessories || Furniture > Decor > Home & Office Decor > Accent Room Dividers || Furniture > Decor > Decorative Accents || Gift Shop > Gift Sets, Photo & Custom Gifts > Custom Apparel || Restaurant & Foodservice Supplies > Custom Restaurant Supplies",,,
WestElm,"Pillows & Decor > Pillows, Throws & Poufs","Pillows & Decor > Pillows, Throws & Poufs",False,stratified sample,Furniture > Decor > Beds & Bedding > Pillows || Furniture > Decor > Beds & Bedding > Blankets & Throws || Furniture > Decor > Bath Mats & Towels || Furniture > Decor > Beds & Bedding > Mattress Pads & Toppers || Decor > Rug Pads || Furniture > Decor > Beds & Bedding || Decor > Rugs || Furniture > Decor > Shower Curtains & Accessories || Furniture > Decor > Beds & Bedding > Bedding || Furniture > Decor > Beds & Bedding > Headboards || Retail Store Supplies > Spa & Salon > Spa & Massage > Pillows & Pillow Cover || Healthcare Supplies > Patient Care > Exam Room Supplies & Equipment > Disposable Linens & Pillows,,,
WestElm,Kitchen & Dining > Kitchen > Appliances,Kitchen & Dining > Kitchen > Appliances,True,stratified sample,Appliances & Kitchenware > Kitchenware > Kitchen Accessories > Kitchen Storage & Organization || Appliances & Kitchenware > Kitchenware > Kitchen Tools > Kitchen Pizza Tools || Appliances & Kitchenware > Kitchenware > Kitchen Accessories || Appliances & Kitchenware > Kitchenware > Kitchen Tools || Appliances & Kitchenware > Small Appliances || Appliances & Kitchenware > Kitchenware > Kitchen Tools > Kitchen Tools & Gadgets || Appliances & Kitchenware > Kitchenware > Kitchen Tools > Cooking Utensils || Restaurant & Foodservice Supplies > Restaurant Storage & Transport > Kitchen Racks || Restaurant & Foodservice Supplies > Smallwares > Commercial Kitchen Tools || Restaurant & Foodservice Supplies > Commercial Restaurant Equipment > Kitchen Work & Prep Tables || Appliances & Kitchenware || Appliances & Kitchenware > Major Appliances,,,
WestElm,Rugs > Rugs By Type > Tufted Rugs,Rugs > Tufted Rugs,True,stratified sample,"Decor > Rugs || Decor > Rug Pads || Furniture > Decor > Beds & Bedding > Pillows || Furniture > Chair Mats || Furniture > Decor > Bath Mats & Towels || Furniture > Decor > Curtains, Blinds & Shades || Furniture > Decor > Beds & Bedding || Furniture > Decor > Beds & Bedding > Headboards || Furniture > Decor > Beds & Bedding > Bedding || Furniture > Decor || Shipping, Packing & Mailing Supplies > Shipping Supplies > Corrugated Boxes & Pads || Shipping, Packing & Mailing Supplies > Shipping Supplies > Corrugated Boxes & Pads > Corrugated Mailers",,,
WestElm,Art & Mirrors > Frames,Art & Mirrors > Frames,False,stratified sample,"Facilities > Paint Supplies > Paint Accessories > Roller Frames || Furniture > Decor > Mirrors || Furniture > Decor > Picture Frames & Photo Albums || Retail Store Supplies > Store Fixtures & Retail Displays > Floor & Wall Mirrors || Furniture > Decor > Wall Art > Framed Posters || Phones, Cameras & Electronics > Cameras, Camcorders & Accessories > Digital Picture Frames || Furniture > Decor > Wall Art || Furniture > Decor > Wall Art > Wall Art/Decor || Furniture > Decor > Wall Art > Wall Decals || Furniture > Decor > Wall Art > Vintage Art || Computer Software > PC Games & Accessories > PC Games",,,
WestElm,Bath > Bath Linens > Towels,Bath > Bath Linens > Towels,True,stratified sample,"Furniture > Decor > Bath Mats & Towels || Retail Store Supplies > Spa & Salon > Spa & Massage > Sheets & Linens || Furniture > Decor > Bath & Shower Accessories || Coffee, Water & Snacks > Paper Products > Paper Towels || Healthcare Supplies > Patient Care > Exam Room Supplies & Equipment > Disposable Linens & Pillows || Cleaning Supplies > Laundry Care > Dryer Sheets || Furniture > Decor > Beds & Bedding > Pillows || Coffee, Water & Snacks > Breakroom Appliances > Paper Towel Dispensers || Furniture > Decor > Beds & Bedding > Blankets & Throws || Furniture > Decor > Beds & Bedding > Bedding || Healthcare Supplies > Patient Care > Exam Room Supplies & Equipment > Procedure Towels || Computers & Accessories > Computer Parts & Components > Tower Computer Cases",,,
WestElm,Rugs > Rugs By Type > Flatweave Rugs,Rugs > Flatweave Rugs,True,stratified sample,"Decor > Rugs || Decor > Rug Pads || Furniture > Decor > Bath Mats & Towels || Furniture > Chair Mats || Furniture > Decor > Beds & Bedding > Pillows || Furniture > Decor > Curtains, Blinds & Shades || Furniture > Decor || Furniture > Decor > Beds & Bedding > Blankets & Throws || Furniture > Decor > Shower Curtains & Accessories || Furniture > Decor > Beds & Bedding || Restaurant & Foodservice Supplies > Tabletop > Flatware || Appliances & Kitchenware > Kitchenware > Dining & Tableware > Flatware & Cutlery",,,
WestElm,"Pillows & Decor > Pillows, Throws & Poufs > Throws","Pillows & Decor > Pillows, Throws & Poufs > Throws",True,stratified sample,"Furniture > Decor > Beds & Bedding > Blankets & Throws || Furniture > Decor > Beds & Bedding > Pillows || Furniture > Decor > Bath Mats & Towels || Decor > Rug Pads || Furniture > Decor > Shower Curtains & Accessories || Healthcare Supplies > Patient Care > Exam Room Supplies & Equipment > Cotton Balls || Retail Store Supplies > Spa & Salon > Spa & Massage > Pillows & Pillow Cover || Furniture > Decor > Home & Office Decor > Decorative Baskets, Bowls and Boxes || Furniture > Decor > Beds & Bedding > Mattress Pads & Toppers || Decor > Rugs || Retail Store Supplies > Sewing & Tailoring > Thread || Facilities > Heating & Cooling > Bathroom Fans",,,
WestElm,Art & Mirrors > Art,Art & Mirrors > Art,False,stratified sample,Furniture > Decor > Wall Art > Contemporary Art || Furniture > Decor > Wall Art > Sports Art || Furniture > Decor > Wall Art > Music Art || Furniture > Decor > Wall Art > Art by Famous Artists || Furniture > Decor > Wall Art > Abstract Art || Furniture > Decor > Wall Art > Animal Art || Furniture > Decor > Wall Art > Nature Landscape Art || Furniture > Decor > Wall Art > Urban Art || Furniture > Decor > Wall Art > People & Fashion Art || Furniture > Decor > Wall Art > Vintage Art || Furniture > Decor > Wall Art || Furniture > Decor > Wall Art > Map Art,,,
WestElm,"Storage > Storage Accessories > Heating, Cooling & Air Quality","Storage > Storage Accessories > Heating, Cooling & Air Quality",True,stratified sample,"Facilities > Heating & Cooling || Facilities > Heating & Cooling > Air Conditioners || Furniture > Storage Furniture > Electronics & Computer Storage Units || Facilities > Air Quality > Air Filter Accessories || Facilities > Heating & Cooling > Heaters || Tools, Parts & Supplies > Tool & Garage Organization > Garage Storage Equipment || Facilities > Grounds Maintenance > Outdoor Tools > Pressure Washers & Accessories || Cleaning Supplies > Floor & Carpet Cleaning Equipment > Vacuum Parts & Accessories || Facilities > Air Quality || Facilities > Heating & Cooling > Industrial Fans || Computers & Accessories > Computer Accessories & Peripherals > Laptop Cooling Pads || Retail Store Supplies > Spa & Salon > Spa & Massage > Heating & Warming Pads",,,
WestElm,Furniture > Living Room > Recliners,Furniture > Living Room > Recliners,True,stratified sample,"Furniture > Chairs & Seating > Recliners, Gliders & Rockers || Furniture > Chairs & Seating > Sofas & Benches || Furniture > Chairs & Seating > Sofas & Benches > Sofas, Loveseats & Sectionals || Furniture > Chairs & Seating > Stools & Ottomans || Furniture > Chairs & Seating || Furniture > Chairs & Seating > Breakroom & Dining Chairs || Furniture > Chairs & Seating > Accent & Waiting Room Chairs || Furniture > Chairs & Seating > Stools & Ottomans > Drafting Chairs & Office Stools || Furniture > Chairs & Seating > Stools & Ottomans > Ottomans || Furniture > Chairs & Seating > Office Chairs || Expanded Assortment > Paint & Paint Supplies > Paint Trays & Liners || Healthcare Supplies > Personal Care > Incontinence > Incontinence Liners & Pads",,,
WestElm,Rugs > Custom Sized Rugs > Custom Rugs,Rugs > Custom Sized Rugs > Custom Rugs,True,stratified sample,"Decor > Rugs || Decor > Rug Pads || Furniture > Decor > Bath Mats & Towels || Furniture > Decor > Home & Office Decor > Decorative Baskets, Bowls and Boxes || Furniture > Decor > Shower Curtains & Accessories || Gift Shop > Gift Sets, Photo & Custom Gifts > Custom Apparel || Furniture > Decor > Curtains, Blinds & Shades || Furniture > Chair Mats || Furniture > Decor > Home & Office Decor > Decorative Plates || Furniture > Decor || Restaurant & Foodservice Supplies > Custom Restaurant Supplies || Retail Store Supplies > Retail Signage > Custom Retail Signage",,,
WestElm,Storage > Storage Accessories > Pet Accessories,Storage > Storage Accessories > Pet Accessories,True,stratified sample,Expanded Assortment > Pet Supplies & Accessories > Specialty Pet Supplies || Expanded Assortment > Pet Supplies & Accessories || Expanded Assortment > Pet Supplies & Accessories > Dog & Cat Supplies || Retail Store Supplies > Store Fixtures & Retail Displays > Hangrails & Accessories || Expanded Assortment > Pet Supplies & Accessories > Bird Supplies || Furniture > Storage Furniture > Electronics & Computer Storage Units || Expanded Assortment > Pet Supplies & Accessories > Dog & Cat Supplies > Dog & Cat Grooming Supplies || Office Supplies > Storage & Organization > Storage Baskets || Furniture > Storage Furniture > Clothing Racks & Closet Organization || Furniture > Storage Furniture > Clothing Racks & Closet Organization > Clothes Racks & Portable Closets || TV & Streaming Media > TV & Video > TV Accessories || Gift Shop > Professional Gifts > Bar Accessories,,,
WestElm,Pillows & Decor > Featured > Candles & Home Fragrance,Pillows & Decor > Candles & Home Fragrance,True,stratified sample,"Furniture > Decor > Candles || Furniture > Decor > Essential Oils & Diffusers || Furniture > Decor > Shower Curtains & Accessories || Furniture > Decor > Bath Mats & Towels || Furniture > Decor > Bath & Shower Accessories || Furniture > Decor > Beds & Bedding > Pillows || Furniture > Decor > Seasonal Decor > Ornaments & Tree Decor || Furniture > Decor > Home & Office Decor > Decorative Baskets, Bowls and Boxes || Furniture > Decor > Seasonal Decor || Decor || Furniture > Home & Office Tables || Furniture > Decor > Home & Office Decor > Home Accents",,,
WestElm,Outdoor > Outdoor Solutions > Furniture Cushions,Outdoor > Outdoor Solutions > Furniture Cushions,True,stratified sample,Furniture > Chairs & Seating || Furniture > Storage Furniture || Furniture > Chair Mats || Furniture > Decor || Furniture || Gift Shop > Professional Gifts > Compasses > Outdoor Furniture Covers || Furniture > Standing Desk Mats || Furniture > Chairs & Seating > Sofas & Benches || Gift Shop > Professional Gifts > Compasses > Patio Furniture || Furniture > Chairs & Seating > Chair Parts & Accessories || Furniture > Decor > Home & Office Decor > Accent Furniture,,,
WestElm,Pillows & Decor > Room Decor,Pillows & Decor > Room Decor,False,stratified sample,Decor || Furniture > Decor > Shower Curtains & Accessories || Furniture > Decor > Home & Office Decor || Furniture > Decor > Beds & Bedding || Furniture > Decor > Home & Office Decor > Living Room Accents || Furniture > Decor > Seasonal Decor > Standing Decor || Furniture > Decor > Bath Mats & Towels || Furniture > Decor > Bath & Shower Accessories || Furniture > Decor > Home & Office Decor > Accent Room Dividers || Furniture > Decor > Beds & Bedding > Pillows || Gift Shop > Game Room & Toys > Game Room || Gift Shop > Professional Gifts > Compasses > Outdoor Decor,,,
WestElm,Bedding > All Bedding > Blankets,Bedding > Blankets,True,stratified sample,Furniture > Decor > Beds & Bedding > Blankets & Throws || Furniture > Decor > Beds & Bedding > Bedding || Furniture > Decor > Beds & Bedding > Pillows || Furniture > Decor > Beds & Bedding || Furniture > Decor > Beds & Bedding > Beds & Mattresses || Furniture > Decor > Beds & Bedding > Mattress Pads & Toppers || Furniture > Decor > Bath Mats & Towels || Healthcare Supplies > Patient Care > Exam Room Supplies & Equipment > Disposable Linens & Pillows || Retail Store Supplies > Spa & Salon > Spa & Massage > Sheets & Linens || Furniture > Decor > Shower Curtains & Accessories || Hard Drives & Data Storage > Blank Media || Office Supplies > Folders & Filing > File Pockets & Jackets,,,
WestElm,Pillows & Decor > Room Decor > Scented Candles,Pillows & Decor > Room Decor > Scented Candles,True,stratified sample,"Furniture > Decor > Candles || Furniture > Decor > Bath Mats & Towels || Furniture > Decor > Shower Curtains & Accessories || Furniture > Decor > Essential Oils & Diffusers || Furniture > Decor > Bath & Shower Accessories || Furniture > Decor > Seasonal Decor > Ornaments & Tree Decor || Furniture > Decor > Home & Office Decor > Decorative Baskets, Bowls and Boxes || Furniture > Decor > Seasonal Decor > Standing Decor || Decor || Furniture > Decor > Seasonal Decor > Figurines & Tabletop Decor || Tools, Parts & Supplies > Hand Tools > Files & Handles || Cleaning Supplies > Laundry Care > Scent Boosters",,,
WestElm,Storage > Storage Furniture,Storage > Storage Furniture,False,stratified sample,Furniture > Storage Furniture > Storage Cabinets || Office Supplies > Storage & Organization > Storage Drawers || Furniture > Storage Furniture > Storage Organization || Office Supplies > Storage & Organization > Storage Bins || Furniture > Storage Furniture > Media Storage Furniture || Furniture > Storage Furniture > Electronics & Computer Storage Units || Office Supplies > Storage & Organization > Storage Furniture || Office Supplies > Storage & Organization > Storage Baskets || Office Supplies > Storage & Organization > Storage Containers & Boxes || Furniture > Storage Furniture > Storage Cubes || Furniture > Storage Furniture || Furniture > School Furniture > Classroom Storage Furniture,,,
WestElm,Storage,Storage,False,stratified sample,Office Supplies > Storage & Organization > Storage Bins || Office Supplies > Storage & Organization > Storage Drawers || Office Supplies > Storage & Organization > Storage Containers & Boxes || Office Supplies > Storage & Organization > Storage Baskets || Office Supplies > Storage & Organization > Storage Furniture || Furniture > Storage Furniture > Storage Organization || Furniture > Storage Furniture > Storage Cabinets || Furniture > Storage Furniture > Storage Cubes || Furniture > Storage Furniture > Electronics & Computer Storage Units || Safety Supplies > Safety Storage > Flammables Storage Cabinets || Office Supplies > Folders & Filing > File Storage || Safety Supplies > Safety Storage,,,
WestElm,Pillows & Decor > Room Decor > Books & Bookends,Pillows & Decor > Room Decor > Books & Bookends,True,stratified sample,"Office Supplies > Desk Organizers & Accessories > Bookends || Furniture > Decor > Seasonal Decor > Figurines & Tabletop Decor || Furniture > Decor > Home & Office Decor > Decorative Baskets, Bowls and Boxes || Furniture > Decor > Home & Office Decor > Accent Room Dividers || Decor || Furniture > Decor > Wall Art || Furniture > Decor > Seasonal Decor > Standing Decor || Furniture > Decor > Wall Art > Kids & Whimsical Art || Furniture > Decor > Home & Office Decor > Decorative Plates || Furniture > Decor > Home & Office Decor || Arts & Crafts > Coloring Books || School Supplies > Teacher Supplies > Classroom Books & Digital Media > Classroom Books",,,
WestElm,Outdoor > Outdoor Dining Furniture > Dining Chairs & Benches,Outdoor > Outdoor Dining Furniture > Dining Chairs & Benches,True,stratified sample,Furniture > Chairs & Seating > Breakroom & Dining Chairs || Furniture > Chairs & Seating || Furniture > Chairs & Seating > Sofas & Benches || Furniture > Chairs & Seating > Accent & Waiting Room Chairs || Furniture > Chairs & Seating > Office Chairs || Furniture > Home & Office Tables > Breakroom & Dining Tables || Furniture > Chairs & Seating > Sofas & Benches > Benches & Beam Seating || Furniture > Chairs & Seating > Kids Seating || Furniture > Chairs & Seating > Big and Tall Chairs || Furniture > Chairs & Seating > Gaming Chairs || Healthcare Supplies > Durable Medical Equipment > Shower & Bath Aids > Shower Chairs / Benches || Laboratory & Scientific Supplies > Lab Furniture & Fixtures > Lab Benches,,,
WestElm,Art & Mirrors,Art & Mirrors,False,stratified sample,Furniture > Decor > Mirrors || Furniture > Decor > Wall Art > Contemporary Art || Furniture > Decor > Wall Art > Sports Art || Furniture > Decor > Wall Art > Wall Art/Decor || Furniture > Decor > Wall Art || Furniture > Decor > Wall Art > Automotive & Car Art || Furniture > Decor > Wall Art > Music Art || Furniture > Decor > Wall Art > Abstract Art || Furniture > Decor > Wall Art > Nature Landscape Art || Furniture > Decor > Wall Art > Vintage Art || Healthcare Supplies > Professional Dental Supplies > Dental Instruments > Dental Mirrors || Safety Supplies > Security Mirrors,,,
WestElm,Furniture > Bedroom > Beds,Furniture > Bedroom > Beds,True,stratified sample,Furniture > Decor > Beds & Bedding > Beds & Mattresses || Furniture > Decor > Beds & Bedding || Furniture > Decor > Beds & Bedding > Bedding || Furniture > Decor > Beds & Bedding > Pillows || Healthcare Supplies > Patient Care > Beds & Bedside Care > Medical Beds || Furniture > Decor > Beds & Bedding > Headboards || Furniture > Decor > Beds & Bedding > Mattress Pads & Toppers || Furniture > Decor > Bath & Shower Accessories || Furniture > Decor > Bath Mats & Towels || Healthcare Supplies > Durable Medical Equipment > Shower & Bath Aids > Shower Chairs / Benches || Healthcare Supplies > Patient Care > Beds & Bedside Care || Healthcare Supplies > Patient Care > Beds & Bedside Care > Medical Bed Parts,,,
WestElm,Storage > Storage Accessories > Trash Cans,Storage > Storage Accessories > Trash Cans,True,stratified sample,"Cleaning Supplies > Waste & Recycling > Trash Cans & Recycling Bins || Cleaning Supplies > Waste & Recycling > Trash Bags || Office Supplies > Storage & Organization > Storage Containers & Boxes || Office Supplies > Storage & Organization > Storage Bins || Cleaning Supplies > Waste & Recycling > Waste Receptacle Lids & Accessories || Restaurant & Foodservice Supplies > Disposable Food Packaging > Disposable Bags > Food Storage Bags || Restaurant & Foodservice Supplies > Restaurant Storage & Transport > Food Storage & Containers || Office Supplies > Storage & Organization > Storage Baskets || Furniture > Storage Furniture > Clothing Racks & Closet Organization > Clothes Racks & Portable Closets || Furniture > Storage Furniture > Storage Cubes || Safety Supplies > Safety Storage > Safety Cans & Drums || Tools, Parts & Supplies > Automotive > Oil Drain Pans, Measuring Cans & Funnels",,,
WestElm,Pillows & Decor,Pillows & Decor,False,stratified sample,Furniture > Decor > Beds & Bedding > Pillows || Furniture > Decor > Beds & Bedding || Furniture > Decor > Shower Curtains & Accessories || Decor || Furniture > Decor > Bath Mats & Towels || Decor > Rug Pads || Decor > Rugs || Furniture > Decor > Beds & Bedding > Bedding || Furniture > Decor > Beds & Bedding > Mattress Pads & Toppers || Furniture > Decor > Seasonal Decor || Retail Store Supplies > Spa & Salon > Spa & Massage > Pillows & Pillow Cover || Healthcare Supplies > Patient Care > Exam Room Supplies & Equipment > Disposable Linens & Pillows,,,
WestElm,Art & Mirrors > Mirrors > Floor Mirrors,Art & Mirrors > Mirrors > Floor Mirrors,True,stratified sample,Furniture > Decor > Mirrors || Retail Store Supplies > Store Fixtures & Retail Displays > Floor & Wall Mirrors || Furniture > Lamps & Lighting > Floor Lamps || Furniture > Lamps & Lighting > Wall Lamps || Facilities > Hand & Power Tools > Measuring & Layout Tools > Inspection Mirrors || Furniture > Lamps & Lighting > Desk Lamps || Furniture > Lamps & Lighting > Ceiling Lighting || Furniture > Lamps & Lighting > Table Lamps || Facilities > Hardware > Ceiling > Ceiling Tiles || Facilities > Bathroom Fixtures > Toilet Seat Cover Dispensers || Healthcare Supplies > Professional Dental Supplies > Dental Instruments > Dental Mirrors || Safety Supplies > Security Mirrors,,,
WestElm,Furniture > Dining & Kitchen > Dining Tables,Furniture > Dining & Kitchen > Dining Tables,True,stratified sample,Furniture > Home & Office Tables > Breakroom & Dining Tables || Furniture > Chairs & Seating > Breakroom & Dining Chairs || Furniture > Home & Office Tables > Accent & Coffee Tables || Furniture > Chairs & Seating || Furniture > Home & Office Tables || Furniture > Home & Office Tables > Training Room Tables || Furniture > Chairs & Seating > Accent & Waiting Room Chairs || Furniture > Home & Office Tables > Folding Tables || Furniture > Home & Office Tables > Conference Room Tables || Restaurant & Foodservice Supplies > Commercial Restaurant Equipment > Kitchen Work & Prep Tables || Appliances & Kitchenware > Kitchenware > Dining & Tableware,,,
WestElm,Furniture > Bedroom > Mattresses,Furniture > Bedroom > Mattresses,True,stratified sample,Furniture > Decor > Beds & Bedding > Beds & Mattresses || Furniture > Decor > Beds & Bedding > Mattress Pads & Toppers || Furniture > Decor > Beds & Bedding || Furniture > Decor > Beds & Bedding > Pillows || Furniture > Decor > Beds & Bedding > Bedding || Furniture > Decor > Beds & Bedding > Headboards || Furniture > Storage Furniture || Furniture || Furniture > Decor > Bath Mats & Towels || Furniture > Chair Mats || Healthcare Supplies > Patient Care > Beds & Bedside Care > Hospital Mattresses || Healthcare Supplies > Patient Care > Beds & Bedside Care > Mattress Overlays,,,
WestElm,Outdoor > Outdoor Lounge Furniture > Coffee Tables,Outdoor > Outdoor Lounge Furniture > Coffee Tables,True,stratified sample,"Furniture > Home & Office Tables > Accent & Coffee Tables || Furniture > Home & Office Tables > Breakroom & Dining Tables || Furniture > Chairs & Seating > Breakroom & Dining Chairs || Furniture > Home & Office Tables > Training Room Tables || Furniture > Home & Office Tables > Folding Tables || Furniture > Home & Office Tables > Conference Room Tables || Furniture > Chairs & Seating > Accent & Waiting Room Chairs || Furniture > Home & Office Tables || Gift Shop > Game Room & Toys > Game Room > Pool Tables & Accessories || Furniture > Chairs & Seating || Coffee, Water & Snacks > Coffee || Coffee, Water & Snacks > Coffee, Coffee Makers & Supplies",,,
WestElm,Kitchen & Dining > Kitchen > Cutlery & Cutting Boards,Kitchen & Dining > Kitchen > Cutlery & Cutting Boards,True,stratified sample,Appliances & Kitchenware > Kitchenware > Kitchen Tools > Cutting Boards || Appliances & Kitchenware > Kitchenware > Kitchen Tools > Kitchen Pizza Tools || Appliances & Kitchenware > Kitchenware > Kitchen Tools || Appliances & Kitchenware > Kitchenware > Kitchen Tools > Cooking Utensils || Appliances & Kitchenware > Kitchenware > Kitchen Accessories > Kitchen Storage & Organization || Appliances & Kitchenware > Kitchenware > Kitchen Accessories || Appliances & Kitchenware > Kitchenware > Kitchen Tools > Kitchen Tools & Gadgets || Restaurant & Foodservice Supplies > Restaurant Storage & Transport > Kitchen Racks || Restaurant & Foodservice Supplies > Smallwares > Commercial Kitchen Tools || Appliances & Kitchenware > Kitchenware > Kitchen Tools > Pots & Pans || Restaurant & Foodservice Supplies > Smallwares > Commercial Cutlery || Arts & Crafts > Scrapbooking > Die Cutting,,,
WestElm,Bath > Bath Linens > Shower Curtains,Bath > Bath Linens > Shower Curtains,True,stratified sample,"Furniture > Decor > Bath & Shower Accessories || Furniture > Decor > Shower Curtains & Accessories || Furniture > Decor > Bath Mats & Towels || Healthcare Supplies > Durable Medical Equipment > Shower & Bath Aids > Shower Chairs / Benches || Retail Store Supplies > Spa & Salon > Spa & Massage > Sheets & Linens || Retail Store Supplies > Spa & Salon > Bath & Body > Shower Caps || Furniture > Decor > Beds & Bedding || Furniture > Decor > Beds & Bedding > Pillows || Furniture > Decor > Curtains, Blinds & Shades || Furniture > Decor > Beds & Bedding > Bedding || Healthcare Supplies > Durable Medical Equipment > Shower & Bath Aids",,,
WestElm,Furniture > Living Room > Sofas & Loveseats,Furniture > Living Room > Sofas & Loveseats,True,stratified sample,"Furniture > Chairs & Seating > Sofas & Benches > Sofas, Loveseats & Sectionals || Furniture > Chairs & Seating > Sofas & Benches || Furniture > Chairs & Seating > Stools & Ottomans || Furniture > Chairs & Seating || Furniture > Chairs & Seating > Stools & Ottomans > Ottomans || Furniture > Chairs & Seating > Recliners, Gliders & Rockers || Furniture > Chairs & Seating > Breakroom & Dining Chairs || Furniture > Chairs & Seating > Accent & Waiting Room Chairs || Furniture > Chairs & Seating > Stools & Ottomans > Drafting Chairs & Office Stools || Furniture > Bookcases & Bookshelves || Facilities > Plumbing > Toilets and Urinals > Toilet Seats || Healthcare Supplies > Durable Medical Equipment > Shower & Bath Aids > Raised Toilet Seats",,,
WestElm,Furniture > Living Room,Furniture > Living Room,False,stratified sample,Furniture > Decor > Home & Office Decor > Living Room Accents || Furniture > Home & Office Tables || Furniture > Storage Furniture || Furniture > Decor || Furniture > School Furniture || Furniture || Furniture > School Furniture > Classroom Storage Furniture || Furniture > Decor > Home & Office Decor || Furniture > Standing Desk Mats || Furniture > Chairs & Seating > Accent & Waiting Room Chairs || Gift Shop > Game Room & Toys > Game Room || Gift Shop > Game Room & Toys,,,
WestElm,Lighting > Lamps,Lighting > Lamps,False,stratified sample,"Furniture > Lamps & Lighting > Wall Lamps || Furniture > Lamps & Lighting > Ceiling Lighting || Furniture > Lamps & Lighting > Lamp Shades || Furniture > Lamps & Lighting > Floor Lamps || Furniture > Lamps & Lighting > Outdoor Lighting || Furniture > Lamps & Lighting > Table Lamps || Furniture > Lamps & Lighting > Lighting Controls, Dimmers & Accessories > Lighting Accessories || Furniture > Lamps & Lighting > Lighting Controls, Dimmers & Accessories || Furniture > Lamps & Lighting > Desk Lamps || Furniture > Lamps & Lighting",,,
WestElm,Furniture > Living Room > Coffee Tables,Furniture > Living Room > Coffee Tables,True,stratified sample,"Furniture > Home & Office Tables > Accent & Coffee Tables || Furniture > Home & Office Tables > Breakroom & Dining Tables || Furniture > Home & Office Tables > Training Room Tables || Furniture > Home & Office Tables > Conference Room Tables || Furniture > Home & Office Tables || Furniture > Home & Office Tables > Classroom & Kids' Tables || Furniture > Home & Office Tables > Folding Tables || Furniture > Chairs & Seating > Accent & Waiting Room Chairs || Healthcare Supplies > Patient Care > Beds & Bedside Care > Overbed Tables || Furniture > Home & Office Tables > Table Components || Coffee, Water & Snacks > Coffee || Coffee, Water & Snacks > Coffee, Coffee Makers & Supplies",,,
WestElm,Bedding > Bedding Essentials > Mattress Pads & Toppers,Bedding > Bedding Essentials > Mattress Pads & Toppers,True,stratified sample,Furniture > Decor > Beds & Bedding > Mattress Pads & Toppers || Furniture > Decor > Beds & Bedding > Pillows || Furniture > Decor > Beds & Bedding > Bedding || Furniture > Decor > Beds & Bedding > Beds & Mattresses || Furniture > Decor > Beds & Bedding || Healthcare Supplies > Patient Care > Exam Room Supplies & Equipment > Disposable Linens & Pillows || Retail Store Supplies > Spa & Salon > Spa & Massage > Pillows & Pillow Cover || Furniture > Decor > Bath Mats & Towels || Furniture > Decor > Beds & Bedding > Blankets & Throws || Retail Store Supplies > Spa & Salon > Spa & Massage > Sheets & Linens || Healthcare Supplies > Patient Care > Beds & Bedside Care > Mattress Overlays || Healthcare Supplies > Patient Care > Beds & Bedside Care > Hospital Mattresses,,,
WestElm,Lighting > Ceiling Lighting,Lighting > Ceiling Lighting,False,stratified sample,"Furniture > Lamps & Lighting > Ceiling Lighting || Furniture > Lamps & Lighting > Outdoor Lighting || Furniture > Lamps & Lighting > Lighting Controls, Dimmers & Accessories > Lighting Accessories || Furniture > Lamps & Lighting > Accent Lighting || Furniture > Lamps & Lighting > Specialty Lighting || Furniture > Lamps & Lighting > Lighting Controls, Dimmers & Accessories || Furniture > Lamps & Lighting > Under Cabinet Lighting || Furniture > Lamps & Lighting > Wall Lamps || Furniture > Lamps & Lighting > Floor Lamps || Facilities > Commercial Lighting, Ballasts & Bulbs > Commercial Lighting || Facilities > Hardware > Ceiling || Facilities > Heating & Cooling > Ceiling Fans",,,
WestElm,Kitchen & Dining > Dinnerware & Flatware > Flatware,Kitchen & Dining > Dinnerware & Flatware > Flatware,True,stratified sample,"Appliances & Kitchenware > Kitchenware > Dining & Tableware > Flatware & Cutlery || Restaurant & Foodservice Supplies > Tabletop > Flatware || Restaurant & Foodservice Supplies > Tabletop > Dinnerware || Appliances & Kitchenware > Kitchenware > Dining & Tableware > Tableware || Appliances & Kitchenware > Kitchenware > Dining & Tableware > Drinkware & Glassware || Appliances & Kitchenware > Kitchenware > Dining & Tableware || Restaurant & Foodservice Supplies > Tabletop > Glassware || Appliances & Kitchenware > Kitchenware > Dining & Tableware > Carafes, Pitchers & Tumblers || Restaurant & Foodservice Supplies > Smallwares > Commercial Cutlery || Appliances & Kitchenware > Kitchenware > Kitchen Tools > Bakeware || Retail Store Supplies > Point of Sale (POS) Equipment > POS Software || Computer Software > Tax Software",,,
WestElm,Furniture > Living Room > Ottomans & Stools,Furniture > Living Room > Ottomans & Stools,True,stratified sample,"Furniture > Chairs & Seating > Stools & Ottomans || Furniture > Chairs & Seating > Stools & Ottomans > Ottomans || Furniture > Chairs & Seating > Stools & Ottomans > Drafting Chairs & Office Stools || Furniture > Chairs & Seating > Stools & Ottomans > Counter & Bar Stools || Furniture > Chairs & Seating > Sofas & Benches || Furniture > Chairs & Seating || Furniture > Chairs & Seating > Sofas & Benches > Sofas, Loveseats & Sectionals || Furniture > Chairs & Seating > Accent & Waiting Room Chairs || Furniture > Chairs & Seating > Breakroom & Dining Chairs || Furniture > Bookcases & Bookshelves || Retail Store Supplies > Spa & Salon > Spa & Massage > Massage Stools || Laboratory & Scientific Supplies > Lab Furniture & Fixtures > Lab Chairs & Stools",,,
WestElm,Lighting > Featured > Light Bulbs & Accessories,Lighting > Light Bulbs & Accessories,True,stratified sample,"Facilities > Commercial Lighting, Ballasts & Bulbs > Light Bulbs || Furniture > Lamps & Lighting > Lighting Controls, Dimmers & Accessories > Lighting Accessories || Furniture > Lamps & Lighting > Outdoor Lighting || Furniture > Lamps & Lighting > Ceiling Lighting || Furniture > Lamps & Lighting > Lamp Shades || Furniture > Lamps & Lighting > Lighting Controls, Dimmers & Accessories || Furniture > Lamps & Lighting > Specialty Lighting || Furniture > Lamps & Lighting > Accent Lighting || Facilities > Commercial Lighting, Ballasts & Bulbs > Commercial Lighting || Furniture > Lamps & Lighting > Wall Lamps || Smart Home & Security > Smart Bulbs || TV & Streaming Media > TV & Video > TV Accessories",,,
WestElm,Bath > Bathroom Renovation > Bathroom Hardware,Bath > Bathroom Renovation > Bathroom Hardware,True,stratified sample,Facilities > Plumbing > Bathroom Hardware || Facilities > Plumbing > Bathroom Hardware > Bathroom Safety Hardware || Furniture > Decor > Bath & Shower Accessories || Facilities > Bathroom Fixtures || Facilities > Bathroom Fixtures > Toilet Seat Cover Dispensers || Facilities > Hardware > Ceiling || Facilities > Heating & Cooling > Bathroom Fans || Furniture > Decor > Shower Curtains & Accessories || Furniture > Cubicle & Panel Systems > Cubicle Accessories & Hardware || Healthcare Supplies > Durable Medical Equipment > Shower & Bath Aids > Shower Chairs / Benches || Facilities > Hardware > Door Hardware,,,
WestElm,Furniture > Home Office > Desks,Furniture > Home Office > Desks,True,stratified sample,Furniture > Desks > Office Desks || Furniture > Desks || Furniture > Desks > Sit & Stand Desks || Furniture > Desks > Desk Components & Hutches || Furniture > Home & Office Tables || Furniture > Chairs & Seating > Office Chairs || Furniture > Standing Desk Mats || Furniture > Desks > Desk Components & Hutches > Desk Components || Office Supplies > Desk Organizers & Accessories || Furniture > Home & Office Tables > Breakroom & Dining Tables || Laboratory & Scientific Supplies > Lab Furniture & Fixtures > Lab Desks || Office Supplies > Desk Organizers & Accessories > Desk Pads,,,
WestElm,Lighting > Lamps > Floor Lamps,Lighting > Lamps > Floor Lamps,True,stratified sample,"Furniture > Lamps & Lighting > Floor Lamps || Furniture > Lamps & Lighting > Wall Lamps || Furniture > Lamps & Lighting > Desk Lamps || Furniture > Lamps & Lighting > Table Lamps || Furniture > Lamps & Lighting > Ceiling Lighting || Furniture > Lamps & Lighting > Lamp Shades || Furniture > Lamps & Lighting || Furniture > Lamps & Lighting > Outdoor Lighting || Furniture > Lamps & Lighting > Lighting Controls, Dimmers & Accessories || Furniture > Lamps & Lighting > Under Cabinet Lighting",,,
WestElm,Bedding,Bedding,False,stratified sample,Furniture > Decor > Beds & Bedding > Bedding || Furniture > Decor > Beds & Bedding || Furniture > Decor > Beds & Bedding > Pillows || Furniture > Decor > Beds & Bedding > Beds & Mattresses || Furniture > Decor > Beds & Bedding > Mattress Pads & Toppers || Furniture > Decor > Beds & Bedding > Blankets & Throws || Furniture > Decor > Beds & Bedding > Headboards || Furniture > Decor > Bath Mats & Towels || Retail Store Supplies > Spa & Salon > Spa & Massage > Sheets & Linens || Furniture > Decor > Shower Curtains & Accessories || Party Supplies > Wedding Supplies || Party Supplies > Wedding Supplies > Wedding Favors,,,
WestElm,Outdoor > Outdoor Lounge Furniture > Fire Pits & Tables,Outdoor > Outdoor Lounge Furniture > Fire Pits & Tables,True,gap-enriched sample,Gift Shop > Game Room & Toys > Game Room > Pool Tables & Accessories || Furniture > Home & Office Tables > Training Room Tables || Furniture > Decor > Home & Office Decor > Indoor Fireplaces || Furniture > Home & Office Tables > Breakroom & Dining Tables || Furniture > Chairs & Seating > Accent & Waiting Room Chairs || Furniture > Home & Office Tables > Accent & Coffee Tables || Healthcare Supplies > Durable Medical Equipment > Shower & Bath Aids > Shower Chairs / Benches || Furniture > Home & Office Tables > Conference Room Tables || Furniture > Home & Office Tables > Folding Tables || Furniture > Home & Office Tables > Classroom & Kids' Tables || Safety Supplies > Fire Protection || Retail Store Supplies > Spa & Salon > Spa & Massage > Massage Tables,,,
WestElm,Bedding > All Bedding > Comforters,Bedding > Comforters,True,gap-enriched sample,"Furniture > Decor > Beds & Bedding > Bedding || Furniture > Decor > Beds & Bedding > Pillows || Furniture > Decor > Beds & Bedding || Furniture > Decor > Beds & Bedding > Beds & Mattresses || Furniture > Decor > Beds & Bedding > Mattress Pads & Toppers || Furniture > Decor > Beds & Bedding > Blankets & Throws || Furniture > Decor > Beds & Bedding > Headboards || Retail Store Supplies > Spa & Salon > Spa & Massage > Sheets & Linens || Furniture > Decor > Bath Mats & Towels || Furniture > Decor > Shower Curtains & Accessories || Office Supplies > Desk Organizers & Accessories > File Sorters || Shipping, Packing & Mailing Supplies > Mailing Supplies > Literature & Mail Sorters",,,
WestElm,Furniture > Bedroom > Dressers,Furniture > Bedroom > Dressers,True,gap-enriched sample,Furniture > Bookcases & Bookshelves || Furniture > Desks || Furniture || Furniture > Storage Furniture || Furniture > Decor || Furniture > Decor > Beds & Bedding > Headboards || Furniture > Decor > Beds & Bedding || Furniture > Chairs & Seating || Furniture > Home & Office Tables || Furniture > School Furniture || Retail Store Supplies > Store Fixtures & Retail Displays > Dress Forms || Healthcare Supplies > Wound Care > Advanced Wound Care > Foam Dressings,,,
WestElm,Office > Shop By Category > Meeting & Lounge Furniture,Office > Meeting & Lounge Furniture,True,gap-enriched sample,Furniture > Home & Office Tables > Conference Room Tables || Furniture > Chairs & Seating > Office Chairs || Furniture > Home & Office Tables || Furniture > Decor > Home & Office Decor > Home & Office Bars || Furniture > Home & Office Tables > Training Room Tables || Office Supplies > Desk Organizers & Accessories || Furniture > Home & Office Tables > Breakroom & Dining Tables || Office Supplies || Furniture > Desks > Office Desks || Office Supplies > Office Basics || Furniture || Furniture > Storage Furniture,,,
WestElm,Window,Window,False,gap-enriched sample,"Furniture > Decor > Seasonal Decor > Window & Wall Decor & Signs || Retail Store Supplies > Store Fixtures & Retail Displays > Floor & Wall Mirrors || Furniture > Cubicle & Panel Systems > Desktop Privacy Panels || Facilities > Hardware > Door Hardware > Door Stops & Bumpers || Facilities > Hardware > Door Hardware > Door Strips || Facilities > Hardware > Ceiling > Ceiling Tiles || Retail Store Supplies > Store Fixtures & Retail Displays > Slat-Grid Panels & Accessories || Furniture > Decor > Curtains, Blinds & Shades || Furniture > Cubicle & Panel Systems || Furniture > Cubicle & Panel Systems > Office Partitions & Dividers || Computers & Accessories > Windows 10 PCs || Computer Software > Windows Operating Systems",,,
WestElm,"Pillows & Decor > Garden > Stems, Branches & Bouquets","Pillows & Decor > Garden > Stems, Branches & Bouquets",True,gap-enriched sample,"Furniture > Decor > Artificial Plants & Flowers || Furniture > Decor > Artificial Plants & Flowers > Artificial Flowers || Furniture > Decor > Artificial Plants & Flowers > Artificial Trees || Furniture > Decor > Artificial Plants & Flowers > Artificial Plants || Furniture > Decor > Artificial Plants & Flowers > Artificial Garlands & Swag || Furniture > Decor > Seasonal Decor > Ornaments & Tree Decor || Furniture > Decor > Artificial Plants & Flowers > Artificial Wreathes || Furniture > Decor > Home & Office Decor > Decorative Baskets, Bowls and Boxes || Furniture > Decor > Wall Art > Garden Landscape || Furniture > Decor > Seasonal Decor > Standing Decor || School Supplies > Learning at Home > Educational & STEM Toys || Healthcare Supplies > Wound Care > Advanced Wound Care > Tourniquets",,,
WestElm,Lighting > Ceiling Lighting > Pendants,Lighting > Ceiling Lighting > Pendants,True,gap-enriched sample,"Furniture > Lamps & Lighting > Ceiling Lighting || Furniture > Lamps & Lighting > Wall Lamps || Furniture > Lamps & Lighting > Lamp Shades || Furniture > Lamps & Lighting > Craft Lighting & Magnifiers || Furniture > Lamps & Lighting > Accent Lighting || Furniture > Lamps & Lighting > Lighting Controls, Dimmers & Accessories > Lighting Accessories || Furniture > Lamps & Lighting > Floor Lamps || Furniture > Lamps & Lighting > Outdoor Lighting || Furniture > Lamps & Lighting > Table Lamps || Furniture > Lamps & Lighting > Specialty Lighting || Tools, Parts & Supplies > Chemicals, Lubricants & Paints > Penetrants || Restaurant & Foodservice Supplies > Restaurant Apparel > Restaurant Apparel > Chef Pants",,,
WestElm,Kitchen & Dining > Drinkware & Barware > Coasters,Kitchen & Dining > Drinkware & Barware > Coasters,True,gap-enriched sample,"Appliances & Kitchenware > Kitchenware > Dining & Tableware > Drinkware & Glassware || Restaurant & Foodservice Supplies > Tabletop > Drinkware || Restaurant & Foodservice Supplies > Tabletop > Glassware || Appliances & Kitchenware > Kitchenware > Dining & Tableware > Carafes, Pitchers & Tumblers || Restaurant & Foodservice Supplies > Tabletop > Placemats & Tablecloths || Restaurant & Foodservice Supplies > Tabletop > Bar Glassware || Appliances & Kitchenware > Kitchenware > Dining & Tableware > Tableware || Restaurant & Foodservice Supplies > Tabletop > Dinnerware || Appliances & Kitchenware > Kitchenware > Dining & Tableware > Flatware & Cutlery || Appliances & Kitchenware > Kitchenware > Dining & Tableware || Appliances & Kitchenware > Small Appliances > Slow Cookers & Roasters || Coffee, Water & Snacks > Breakroom Appliances > Toaster Ovens",,,
WestElm,Window > Window Shades,Window > Window Shades,False,gap-enriched sample,"Furniture > Decor > Curtains, Blinds & Shades || Furniture > Decor > Seasonal Decor > Window & Wall Decor & Signs || Retail Store Supplies > Store Fixtures & Retail Displays > Floor & Wall Mirrors || Furniture > Cubicle & Panel Systems > Desktop Privacy Panels || Furniture > Lamps & Lighting > Lamp Shades || Facilities > Hardware > Ceiling > Ceiling Tiles || Retail Store Supplies > Store Fixtures & Retail Displays > Slat-Grid Panels & Accessories || Facilities > Hardware > Door Hardware > Door Strips || Furniture > Decor > Shower Curtains & Accessories || Furniture > Decor > Mirrors || Computers & Accessories > Windows 10 PCs || Computer Software > Windows Operating Systems",,,
WestElm,Bedding > Bedding Essentials > Down Alternative Inserts,Bedding > Bedding Essentials > Down Alternative Inserts,True,gap-enriched sample,"Healthcare Supplies > Patient Care > Exam Room Supplies & Equipment > Disposable Linens & Pillows || Coffee, Water & Snacks > Paper Products > Toilet Seat Covers || Retail Store Supplies > Spa & Salon > Spa & Massage > Pillows & Pillow Cover || Furniture > Decor > Beds & Bedding > Mattress Pads & Toppers || Furniture > Decor > Beds & Bedding > Bedding || Furniture > Decor > Beds & Bedding > Blankets & Throws || Healthcare Supplies > Durable Medical Equipment > Shower & Bath Aids || Healthcare Supplies > Patient Care > Beds & Bedside Care > Mattress Overlays || Coffee, Water & Snacks > Paper Products > Toilet Paper & Bath Tissue || Furniture > Decor > Beds & Bedding > Pillows || Laboratory & Scientific Supplies > Labware & Consumables > Vials & Vial Inserts || Healthcare Supplies > Professional Dental Supplies > Dental Instruments > Ultrasonic Scaler Tips & Inserts",,,
WestElm,Bath > Bathroom Renovation > Cabinet Knobs & Pulls,Bath > Bathroom Renovation > Cabinet Knobs & Pulls,True,gap-enriched sample,Facilities > Plumbing > Bathroom Hardware > Bathroom Safety Hardware || Furniture > Decor > Bath & Shower Accessories || Facilities > Plumbing > Bathroom Hardware || Facilities > Bathroom Fixtures > Toilet Seat Cover Dispensers || Facilities > Plumbing > Tubs and Showers > Wall Mounted Shower Heads || Facilities > Hardware > Door Hardware > Push Plates & Pulls || Furniture > Lamps & Lighting > Under Cabinet Lighting || Healthcare Supplies > Durable Medical Equipment > Shower & Bath Aids > Shower Chairs / Benches || Retail Store Supplies > Store Fixtures & Retail Displays > Floor & Wall Mirrors || Furniture > Decor > Shower Curtains & Accessories || Furniture > File Cabinets || Laboratory & Scientific Supplies > Lab Furniture & Fixtures > Lab Cabinets,,,
WestElm,Kitchen & Dining > Serveware > Picnic Baskets,Kitchen & Dining > Serveware > Picnic Baskets,True,gap-enriched sample,"Furniture > Decor > Home & Office Decor > Decorative Baskets, Bowls and Boxes || Gift Shop > Table Tents || Gift Shop > Professional Gifts > Compasses > Patio Furniture || Furniture > Chairs & Seating > Breakroom & Dining Chairs || Restaurant & Foodservice Supplies > Restaurant Storage & Transport > Kitchen Racks || Healthcare Supplies > Durable Medical Equipment > Shower & Bath Aids > Shower Chairs / Benches || Restaurant & Foodservice Supplies > Restaurant Storage & Transport > Chafing Dishes & Buffet Accessories || Furniture > Home & Office Tables > Breakroom & Dining Tables || Gift Shop > Professional Gifts > Compasses > Outdoor Decor || Cleaning Supplies > Laundry Care > Laundry Room Organization > Laundry Baskets, Hampers & Sorters || Office Supplies > Storage & Organization > Storage Baskets || Laboratory & Scientific Supplies > Labware & Consumables > Racks, Baskets & Boxes",,,
WestElm,Furniture > Living Room > TV & Media Consoles,Furniture > Living Room > TV & Media Consoles,True,gap-enriched sample,TV & Streaming Media > TV & Video > TV Accessories || Furniture > Storage Furniture > Media Storage Furniture || TV & Streaming Media > TV & Video > TV Wall Mounts || TV & Streaming Media > TV & Video > Car CD Players & Monitors || Furniture > Carts & Stands > TV Stands || Gift Shop > Game Room & Toys > Game Room > Gaming Tables & Accessories || TV & Streaming Media > TV & Video > Smart Boards || TV & Streaming Media > TV & Video || Furniture > Home & Office Tables > Conference Room Tables || TV & Streaming Media || Gaming > Gaming Consoles || Gaming > Handheld Consoles,,,
WestElm,Kitchen & Dining > Serveware > Charcuterie Boards & Knives,Kitchen & Dining > Serveware > Charcuterie Boards & Knives,True,gap-enriched sample,"Appliances & Kitchenware > Kitchenware > Kitchen Tools > Cutting Boards || Appliances & Kitchenware > Kitchenware > Kitchen Tools > Kitchen Pizza Tools || Appliances & Kitchenware > Kitchenware > Kitchen Tools > Cooking Utensils || Appliances & Kitchenware > Kitchenware > Kitchen Tools > Salad Spinners || Appliances & Kitchenware > Kitchenware > Kitchen Tools > Meat Preparation Equipment || Appliances & Kitchenware > Kitchenware > Kitchen Tools > Grilling Products || Appliances & Kitchenware > Kitchenware > Kitchen Accessories > Cookbooks & Recipe Holders || Restaurant & Foodservice Supplies > Restaurant Storage & Transport > Kitchen Racks || Appliances & Kitchenware > Small Appliances > Fondue Sets || Appliances & Kitchenware > Kitchenware > Kitchen Tools > Food Mills, Shavers & Spice Grinders || TV & Streaming Media > TV & Video > Smart Boards || Facilities > Hand & Power Tools > Hand Tools > Box Cutters & Utility Knives",,,
WestElm,Rugs > Rugs By Type > Doormats,Rugs > Doormats,True,gap-enriched sample,"Decor > Rugs || Decor > Rug Pads || Furniture > Decor > Bath Mats & Towels || Furniture > Decor > Beds & Bedding > Pillows || Facilities > Floor Mats & Flooring > Brooms & Dustpans || Restaurant & Foodservice Supplies > Tabletop > Placemats & Tablecloths || Furniture > Chair Mats || Furniture > Decor > Beds & Bedding > Blankets & Throws || Furniture > Decor > Beds & Bedding > Mattress Pads & Toppers || Furniture > Decor > Home & Office Decor > Decorative Baskets, Bowls and Boxes || Paper > Wide Format Paper || Furniture > Daycare & Nursery > Play & Rest Mats",,,
WestElm,Kitchen & Dining > Dinnerware & Flatware > Mugs,Kitchen & Dining > Dinnerware & Flatware > Mugs,True,gap-enriched sample,"Appliances & Kitchenware > Kitchenware > Dining & Tableware > Drinkware & Glassware || Appliances & Kitchenware > Kitchenware > Dining & Tableware > Flatware & Cutlery || Appliances & Kitchenware > Kitchenware > Dining & Tableware > Carafes, Pitchers & Tumblers || Restaurant & Foodservice Supplies > Tabletop > Dinnerware || Appliances & Kitchenware > Kitchenware > Dining & Tableware > Tableware || Restaurant & Foodservice Supplies > Tabletop > Glassware || Restaurant & Foodservice Supplies > Tabletop > Flatware || Coffee, Water & Snacks > Plates, Cups & Cutlery || Restaurant & Foodservice Supplies > Tabletop > Bar Glassware || Appliances & Kitchenware > Kitchenware > Dining & Tableware || Coffee, Water & Snacks > Water & Beverages > Water Bottles, Tumblers & Travel Mugs || Decor > Rugs",,,
WestElm,Kitchen & Dining > Serveware,Kitchen & Dining > Serveware,False,gap-enriched sample,Furniture > Home & Office Tables > Breakroom & Dining Tables || Restaurant & Foodservice Supplies > Restaurant Storage & Transport > Kitchen Racks || Appliances & Kitchenware > Kitchenware > Kitchen Tools > Kitchen Pizza Tools || Restaurant & Foodservice Supplies > Commercial Restaurant Equipment > Kitchen Work & Prep Tables || Furniture > Chairs & Seating > Breakroom & Dining Chairs || Appliances & Kitchenware > Kitchenware > Kitchen Accessories > Kitchen Storage & Organization || Furniture > Decor > Home & Office Decor > Living Room Accents || Furniture > Decor > Wall Art > Food & Kitchen Art || Appliances & Kitchenware > Kitchenware > Dining & Tableware || Appliances & Kitchenware > Kitchenware > Kitchen Accessories || Restaurant & Foodservice Supplies > Tabletop > Serveware || Computers & Accessories > Servers & Accessories > Servers,,,
WestElm,Bedding > Bedding Essentials > Duvet Inserts,Bedding > Bedding Essentials > Duvet Inserts,True,gap-enriched sample,Furniture > Decor > Beds & Bedding > Bedding || Furniture > Decor > Beds & Bedding > Pillows || Furniture > Decor > Beds & Bedding > Mattress Pads & Toppers || Furniture > Decor > Beds & Bedding || Furniture > Decor > Beds & Bedding > Blankets & Throws || Furniture > Decor > Beds & Bedding > Beds & Mattresses || Retail Store Supplies > Spa & Salon > Spa & Massage > Sheets & Linens || Retail Store Supplies > Spa & Salon > Spa & Massage > Pillows & Pillow Cover || Furniture > Decor > Bath Mats & Towels || Healthcare Supplies > Patient Care > Exam Room Supplies & Equipment > Disposable Linens & Pillows || Laboratory & Scientific Supplies > Labware & Consumables > Vials & Vial Inserts || Healthcare Supplies > Professional Dental Supplies > Dental Instruments > Ultrasonic Scaler Tips & Inserts,,,
WestElm,Kitchen & Dining > Dinnerware & Flatware > Dinner Plates,Kitchen & Dining > Dinnerware & Flatware > Dinner Plates,True,gap-enriched sample,"Restaurant & Foodservice Supplies > Restaurant Storage & Transport > Chafing Dishes & Buffet Accessories || Coffee, Water & Snacks > Plates, Cups & Cutlery || Appliances & Kitchenware > Kitchenware > Dining & Tableware > Flatware & Cutlery || Appliances & Kitchenware > Kitchenware > Dining & Tableware || Furniture > Decor > Home & Office Decor > Decorative Plates || Restaurant & Foodservice Supplies > Tabletop > Dinnerware || Restaurant & Foodservice Supplies > Tabletop > Flatware || Appliances & Kitchenware > Kitchenware > Dining & Tableware > Tableware || Restaurant & Foodservice Supplies > Tabletop > Bar Glassware || Appliances & Kitchenware > Small Appliances > Fondue Sets || Facilities > Electrical and Wiring > Electrical > Wall Plates || Party Supplies > Disposable Plates",,,
WestElm,Bedding > All Bedding > Sheet Sets & Pillowcases,Bedding > Sheet Sets & Pillowcases,True,gap-enriched sample,Furniture > Decor > Beds & Bedding > Bedding || Furniture > Decor > Beds & Bedding > Pillows || Furniture > Decor > Beds & Bedding > Mattress Pads & Toppers || Furniture > Decor > Beds & Bedding || Furniture > Decor > Beds & Bedding > Blankets & Throws || Retail Store Supplies > Spa & Salon > Spa & Massage > Sheets & Linens || Furniture > Decor > Beds & Bedding > Beds & Mattresses || Healthcare Supplies > Patient Care > Exam Room Supplies & Equipment > Disposable Linens & Pillows || Furniture > Decor > Bath Mats & Towels || Retail Store Supplies > Spa & Salon > Spa & Massage > Pillows & Pillow Cover || Office Supplies > Sheet Protectors || Cleaning Supplies > Laundry Care > Dryer Sheets,,,
