competitor,comp_path,context_path,is_leaf,concept,source,candidates,staples_carries,gold_staples_path,note
Amazon,"Patio, Lawn & Garden > Gardening & Lawn Care > Plant Support Structures","Patio, Lawn & Garden > Gardening & Lawn Care > Plant Support Structures",True,Plant & Soil Monitoring,verification loop,Facilities > Grounds Maintenance > Outdoor Tools > Lawn & Garden Tools || Facilities > Paint Supplies > Wood Care & Maintenance || Furniture > Decor > Artificial Plants & Flowers > Artificial Plants || Furniture > Decor > Wall Art > Garden Landscape || Furniture > Decor > Artificial Plants & Flowers || Facilities > Grounds Maintenance > Watering Equipment || Facilities > Grounds Maintenance > Outdoor Tools || Facilities > Grounds Maintenance > Watering Equipment > Lawn Sprinklers || Furniture > Decor > Artificial Plants & Flowers > Artificial Trees || Facilities > Grounds Maintenance || Healthcare Supplies > Durable Medical Equipment > Orthopedics > Neck Supports || Safety Supplies > Personal Protective Equipment (PPE) > Ergonomic Support,,,
Amazon,"Home & Kitchen > Bedding > Bedspreads, Coverlets & Sets","Home & Kitchen > Bedding > Bedspreads, Coverlets & Sets",True,"Quilts, Coverlets, & Sets",verification loop,"Furniture > Decor > Beds & Bedding > Bedding || Furniture > Decor > Beds & Bedding || Furniture > Decor > Beds & Bedding > Pillows || Furniture > Decor > Beds & Bedding > Blankets & Throws || Furniture > Decor > Beds & Bedding > Beds & Mattresses || Furniture > Decor > Bath Mats & Towels || Retail Store Supplies > Spa & Salon > Spa & Massage > Sheets & Linens || Furniture > Decor > Shower Curtains & Accessories || Furniture > Decor > Beds & Bedding > Mattress Pads & Toppers || Healthcare Supplies > Patient Care > Exam Room Supplies & Equipment > Disposable Linens & Pillows || Gift Shop > Gift Sets, Photo & Custom Gifts > Gift Sets || Facilities > Hand & Power Tools > Hand Tools > Hand Tool Sets",,,
Wayfair,"Bedding & Bath > Bedding & Bedding Sets > Quilts, Coverlets, & Sets","Bedding & Bath > Bedding & Bedding Sets > Quilts, Coverlets, & Sets",True,"Quilts, Coverlets, & Sets",verification loop,"Furniture > Decor > Beds & Bedding > Bedding || Furniture > Decor > Beds & Bedding || Furniture > Decor > Beds & Bedding > Pillows || Furniture > Decor > Beds & Bedding > Blankets & Throws || Furniture > Decor > Beds & Bedding > Beds & Mattresses || Retail Store Supplies > Spa & Salon > Spa & Massage > Sheets & Linens || Furniture > Decor > Bath Mats & Towels || Furniture > Decor > Beds & Bedding > Mattress Pads & Toppers || Healthcare Supplies > Patient Care > Exam Room Supplies & Equipment > Disposable Linens & Pillows || Furniture > Decor > Shower Curtains & Accessories || Gift Shop > Gift Sets, Photo & Custom Gifts > Gift Sets || Gift Shop > Gift Sets, Photo & Custom Gifts",,,
WestElm,Bedding > All Bedding > Quilts,Bedding > Quilts,True,"Quilts, Coverlets, & Sets",verification loop,Furniture > Decor > Beds & Bedding > Bedding || Furniture > Decor > Beds & Bedding || Furniture > Decor > Beds & Bedding > Pillows || Furniture > Decor > Beds & Bedding > Blankets & Throws || Furniture > Decor > Beds & Bedding > Beds & Mattresses || Retail Store Supplies > Spa & Salon > Spa & Massage > Sheets & Linens || Furniture > Decor > Beds & Bedding > Mattress Pads & Toppers || Healthcare Supplies > Patient Care > Exam Room Supplies & Equipment > Disposable Linens & Pillows || Furniture > Decor > Bath Mats & Towels || Decor > Rugs || Healthcare Supplies > Personal Care > Maternity > Maternity Belts || School Supplies > Learning at Home > Building Sets,,,
Amazon,"Patio, Lawn & Garden > Outdoor Décor > Cupolas & Accessories","Patio, Lawn & Garden > Outdoor Décor > Cupolas & Accessories",True,Weathervanes & Cupolas,verification loop,Gift Shop > Professional Gifts > Compasses > Outdoor Decor || Furniture > Decor > Home & Office Decor > Indoor Fireplaces || Gift Shop > Professional Gifts > Compasses > Patio Furniture || Furniture > Lamps & Lighting > Outdoor Lighting || Gift Shop > Professional Gifts > Compasses > Outdoor Furniture Covers || Furniture > Decor > Seasonal Decor > Window & Wall Decor & Signs || Furniture > Decor > Shower Curtains & Accessories || Furniture > Decor > Seasonal Decor > Ornaments & Tree Decor || Furniture > Decor > Decorative Accents || Furniture > Decor || TV & Streaming Media > TV & Video > TV Accessories || Gift Shop > Professional Gifts > Bar Accessories,,,
Amazon,"Patio, Lawn & Garden > Outdoor Décor > Weathervanes","Patio, Lawn & Garden > Outdoor Décor > Weathervanes",True,Weathervanes & Cupolas,verification loop,Gift Shop > Professional Gifts > Compasses > Outdoor Decor || Gift Shop > Professional Gifts > Compasses > Patio Furniture || Furniture > Decor > Home & Office Decor > Indoor Fireplaces || Party Supplies > Party Décor || Gift Shop > Professional Gifts > Compasses > Outdoor Furniture Covers || Furniture > Lamps & Lighting > Outdoor Lighting || Furniture > Decor > Seasonal Decor > Ornaments & Tree Decor || Decor || Gift Shop > Professional Gifts > Compasses > Outdoor Heaters || Furniture > Decor > Seasonal Decor > Figurines & Tabletop Decor || Furniture > Decor > Weather Instruments || Healthcare Supplies > Durable Medical Equipment > Mobility Aids > Canes,,,
Wayfair,Outdoor > Outdoor Décor > Weathervanes & Cupolas,Outdoor > Outdoor Décor > Weathervanes & Cupolas,True,Weathervanes & Cupolas,verification loop,Gift Shop > Professional Gifts > Compasses > Outdoor Decor || Furniture > Decor > Home & Office Decor > Indoor Fireplaces || Gift Shop > Professional Gifts > Compasses > Patio Furniture || Furniture > Lamps & Lighting > Outdoor Lighting || Gift Shop > Professional Gifts > Compasses > Outdoor Heaters || Gift Shop > Professional Gifts > Compasses > Outdoor Furniture Covers || Party Supplies > Party Décor || Furniture > Decor > Seasonal Decor > Figurines & Tabletop Decor || Decor || Furniture > Decor > Seasonal Decor > Window & Wall Decor & Signs || Furniture > Decor > Weather Instruments || Healthcare Supplies > Durable Medical Equipment > Mobility Aids > Canes,,,
Amazon,"Patio, Lawn & Garden > Pools, Hot Tubs & Supplies > Saunas","Patio, Lawn & Garden > Pools, Hot Tubs & Supplies > Saunas",True,Saunas,verification loop,Facilities > Plumbing > Tubs and Showers || Furniture > Decor > Home & Office Decor > Indoor Fireplaces || Gift Shop > Professional Gifts > Compasses > Outdoor Heaters || Retail Store Supplies > Spa & Salon > Spa & Massage || Gift Shop > Game Room & Toys > Game Room > Pool Tables & Accessories || Healthcare Supplies > Durable Medical Equipment > Shower & Bath Aids > Shower Chairs / Benches || Facilities > Plumbing > Drinking Fountains || Retail Store Supplies > Spa & Salon > Spa & Massage > Massage Tables || Retail Store Supplies > Spa & Salon > Spa & Massage > Massage Stools || Retail Store Supplies > Spa & Salon > Spa & Massage > Heating & Warming Pads || Cleaning Supplies > Laundry Care || Cleaning Supplies > Laundry Care > Laundry Sanitizers & Bleach,,,
Walmart,Patio & Garden > Saunas > Infrared Saunas,Patio & Garden > Saunas > Infrared Saunas,True,Saunas,verification loop,Gift Shop > Professional Gifts > Compasses > Outdoor Heaters || Furniture > Decor > Home & Office Decor > Indoor Fireplaces || Facilities > Plumbing > Tubs and Showers || Retail Store Supplies > Spa & Salon > Spa & Massage || Facilities > Heating & Cooling > Heaters || Retail Store Supplies > Spa & Salon > Spa & Massage > Massage Stools || Retail Store Supplies > Spa & Salon > Spa & Massage > Massage Tables || Retail Store Supplies > Spa & Salon > Spa & Massage > Heating & Warming Pads || Retail Store Supplies > Spa & Salon > Bath & Body > Tanning || Retail Store Supplies > Spa & Salon || Furniture > Decor > Seasonal Decor > Inflatables || Healthcare Supplies > Professional Dental Supplies > Infection Prevention,,,
Wayfair,"Outdoor > Hot Tubs, Saunas & Pools > Saunas","Outdoor > Hot Tubs, Saunas & Pools > Saunas",True,Saunas,verification loop,Facilities > Plumbing > Tubs and Showers || Furniture > Decor > Home & Office Decor > Indoor Fireplaces || Gift Shop > Professional Gifts > Compasses > Outdoor Heaters || Retail Store Supplies > Spa & Salon > Spa & Massage || Retail Store Supplies > Spa & Salon > Spa & Massage > Massage Tables || Retail Store Supplies > Spa & Salon > Spa & Massage > Massage Stools || Healthcare Supplies > Durable Medical Equipment > Shower & Bath Aids > Shower Chairs / Benches || Gift Shop > Game Room & Toys > Game Room > Pool Tables & Accessories || Facilities > Heating & Cooling > Heaters || Facilities > Plumbing > Drinking Fountains || Cleaning Supplies > Laundry Care || Cleaning Supplies > Laundry Care > Laundry Sanitizers & Bleach,,,
Wayfair,Shop Hospitality Spaces > Salon & Spa > Saunas,Hospitality Spaces > Salon & Spa > Saunas,True,Saunas,verification loop,Retail Store Supplies > Spa & Salon > Spa & Massage || Retail Store Supplies > Spa & Salon || Retail Store Supplies > Spa & Salon > Spa & Massage > Massage Tables || Retail Store Supplies > Spa & Salon > Spa & Massage > Massage Stools || Furniture > Decor > Home & Office Decor > Indoor Fireplaces || Facilities > Plumbing > Tubs and Showers || Retail Store Supplies > Spa & Salon > Bath & Body || Retail Store Supplies > Spa & Salon > Spa & Massage > Massage & Recovery Tools || Retail Store Supplies > Spa & Salon > Bath & Body > Tanning || Retail Store Supplies > Spa & Salon > Hair > Salon Capes || Cleaning Supplies > Laundry Care || Cleaning Supplies > Laundry Care > Laundry Sanitizers & Bleach,,,
Amazon,Electronics > Video Game Consoles & Accessories > PlayStation 4,Electronics > Video Game Consoles & Accessories > PlayStation 4,True,PlayStation 4,verification loop,Computer Software > PC Games & Accessories || Computer Software > PC Games & Accessories > PC Gaming Accessories || Computer Software > PC Games & Accessories > PC Games || Gaming > Video Games || Gaming > Handheld Consoles || Gaming > Gaming Consoles || Gift Shop > Game Room & Toys > Game Room > Gaming Tables & Accessories || Gaming > Gaming Accessories || Gift Shop > Game Room & Toys > Game Room > Game Room & Games || TV & Streaming Media > TV & Video > Car CD Players & Monitors || Gift Shop > Stationery || Paper > Stationery & Invitations,,,
Amazon,Electronics > Video Game Consoles & Accessories > PlayStation Vita,Electronics > Video Game Consoles & Accessories > PlayStation Vita,True,PlayStation 4,verification loop,Computer Software > PC Games & Accessories > PC Gaming Accessories || Computer Software > PC Games & Accessories || Gaming > Handheld Consoles || Gaming > Video Games || Computer Software > PC Games & Accessories > PC Games || Gaming > Gaming Consoles || Gaming > Gaming Accessories || Gift Shop > Game Room & Toys > Game Room > Gaming Tables & Accessories || Gaming > Gaming Controllers || TV & Streaming Media > TV & Video > DVD & Blu-Ray Players || Paper > Stationery & Invitations || Gift Shop > Stationery,,,
Amazon,"Patio, Lawn & Garden > Patio Furniture & Accessories > Canopies, Gazebos & Pergolas","Patio, Lawn & Garden > Patio Furniture & Accessories > Canopies, Gazebos & Pergolas",True,Gazebo Canopies,verification loop,"Gift Shop > Professional Gifts > Compasses > Patio Furniture || Gift Shop > Professional Gifts > Compasses > Outdoor Furniture Covers || Furniture > Decor > Home & Office Decor > Indoor Fireplaces || Furniture > Chairs & Seating > Sofas & Benches || Furniture > Decor || Gift Shop > Professional Gifts > Compasses > Outdoor Decor || Healthcare Supplies > Durable Medical Equipment > Shower & Bath Aids > Shower Chairs / Benches || Furniture > Decor > Shower Curtains & Accessories || Furniture > Storage Furniture || Furniture > Chairs & Seating || Shredders, Projectors & Office Machines > Copiers || Computers & Accessories > Computer Accessories & Peripherals > Keyboard & Mouse Combos",,,
Walmart,Patio & Garden > Outdoor Shade > Gazebo Canopies,Patio & Garden > Outdoor Shade > Gazebo Canopies,True,Gazebo Canopies,verification loop,"Gift Shop > Professional Gifts > Compasses > Patio Furniture || Furniture > Lamps & Lighting > Outdoor Lighting || Gift Shop > Professional Gifts > Compasses > Outdoor Decor || Furniture > Decor > Home & Office Decor > Indoor Fireplaces || Facilities > Grounds Maintenance > Outdoor Tools > Lawn & Garden Tools || Gift Shop > Professional Gifts > Compasses > Outdoor Furniture Covers || Furniture > Decor > Wall Art > Garden Landscape || Furniture > Decor > Curtains, Blinds & Shades || Healthcare Supplies > Durable Medical Equipment > Shower & Bath Aids > Shower Chairs / Benches || Gift Shop > Professional Gifts > Compasses > Outdoor Heaters || Shredders, Projectors & Office Machines > Copiers || Healthcare Supplies > Durable Medical Equipment > Mobility Aids > Canes",,,
Wayfair,Outdoor > Outdoor Shades > Gazebos,Outdoor > Outdoor Shades > Gazebos,True,Gazebo Canopies,verification loop,"Gift Shop > Professional Gifts > Compasses > Outdoor Decor || Furniture > Decor > Home & Office Decor > Indoor Fireplaces || Furniture > Lamps & Lighting > Outdoor Lighting || Gift Shop > Professional Gifts > Compasses > Patio Furniture || Gift Shop > Professional Gifts > Compasses > Outdoor Furniture Covers || Gift Shop > Professional Gifts > Compasses > Outdoor Heaters || Furniture > Decor > Curtains, Blinds & Shades || Furniture > Decor > Shower Curtains & Accessories || Healthcare Supplies > Durable Medical Equipment > Shower & Bath Aids > Shower Chairs / Benches || Facilities > Grounds Maintenance > Outdoor Tools || Computers & Accessories > Computer Accessories & Peripherals > Keyboard & Mouse Combos || Networking & WiFi > Modem/Router Combos",,,
Amazon,Home & Kitchen > Home Décor > Tapestries,Home & Kitchen > Home Décor > Tapestries,True,Tapestries,verification loop,"Furniture > Decor > Home & Office Decor || Furniture > Decor || Furniture > Decor > Wall Art > Wall Art/Decor || Decor > Rugs || Furniture > Decor > Wall Art || Furniture > Decor > Home & Office Decor > Living Room Accents || Party Supplies > Party Décor || Furniture > Decor > Home & Office Decor > Home Accents || Decor || Furniture > Decor > Seasonal Decor > Window & Wall Decor & Signs || Office Supplies > Tape, Fasteners & Adhesives > Tape || Office Supplies > Label Makers & Tapes",,,
Wayfair,Decor & Pillows > Wall Décor > Tapestries,Decor & Pillows > Wall Décor > Tapestries,True,Tapestries,verification loop,"Furniture > Decor > Wall Art > Wall Art/Decor || Furniture > Decor > Wall Art || Decor > Rugs || Decor || Furniture > Decor > Seasonal Decor > Window & Wall Decor & Signs || Furniture > Decor || Furniture > Decor > Decorative Accents || Furniture > Decor > Shower Curtains & Accessories || Furniture > Decor > Home & Office Decor > Decorative Plates || Furniture > Decor > Wall Art > Wall Decals || Office Supplies > Tape, Fasteners & Adhesives > Tape || Office Supplies > Label Makers & Tapes",,,
Amazon,"Patio, Lawn & Garden > Farm & Ranch > Plant Germination Equipment","Patio, Lawn & Garden > Farm & Ranch > Plant Germination Equipment",True,Plant Germination Equipment,verification loop,"Facilities > Grounds Maintenance > Outdoor Tools > Lawn & Garden Tools || Facilities > Grounds Maintenance > Watering Equipment || Furniture > Decor > Artificial Plants & Flowers > Artificial Plants || Furniture > Decor > Artificial Plants & Flowers || Facilities > Grounds Maintenance > Watering Equipment > Lawn Sprinklers || Furniture > Decor > Wall Art > Garden Landscape || Furniture > Decor > Artificial Plants & Flowers > Artificial Trees || Facilities > Paint Supplies > Wood Care & Maintenance || Facilities > Grounds Maintenance || Tools, Parts & Supplies > Tool & Garage Organization > Garage Storage Equipment || TV & Streaming Media > DJ Equipment & Musical Instruments > Stage Equipment || Shredders, Projectors & Office Machines > Binding Equipment",,,
Wayfair,Shop Contractor Spaces > Bedroom > Kid's Bedroom,Contractor Spaces > Bedroom > Kid's Bedroom,True,Kid's Bedroom,verification loop,Furniture > Decor > Home & Office Decor > Living Room Accents || Furniture > Decor > Bath & Shower Accessories || Furniture > Decor > Home & Office Decor || Furniture > Decor > Beds & Bedding || Furniture > Decor > Home & Office Decor > Home & Office Bars || Furniture > Home & Office Tables || Furniture > Chairs & Seating > Accent & Waiting Room Chairs || School Supplies > Learning at Home > Home School Furniture || Facilities > Heating & Cooling > Bathroom Fans || Furniture > School Furniture || Furniture > Home & Office Tables > Classroom & Kids' Tables || Furniture > Chairs & Seating > Kids Seating,,,
Wayfair,Smallwares > Barware > Coasters,Smallwares > Barware > Coasters,True,Coasters,verification loop,"Appliances & Kitchenware > Kitchenware > Dining & Tableware > Drinkware & Glassware || Restaurant & Foodservice Supplies > Tabletop > Glassware || Restaurant & Foodservice Supplies > Tabletop > Drinkware || Appliances & Kitchenware > Kitchenware > Dining & Tableware > Carafes, Pitchers & Tumblers || Restaurant & Foodservice Supplies > Tabletop > Bar Glassware || Gift Shop > Professional Gifts > Paperweights || Restaurant & Foodservice Supplies > Tabletop > Placemats & Tablecloths || Appliances & Kitchenware > Kitchenware > Dining & Tableware > Tableware || Appliances & Kitchenware > Kitchenware > Dining & Tableware > Flatware & Cutlery || Restaurant & Foodservice Supplies > Tabletop > Dinnerware || Appliances & Kitchenware > Small Appliances > Slow Cookers & Roasters || Coffee, Water & Snacks > Breakroom Appliances > Toaster Ovens",,,
Wayfair,Outdoor > Backyard Play > Climbing Toys & Slides,Outdoor > Backyard Play > Climbing Toys & Slides,True,Climbing Toys & Slides,verification loop,"School Supplies > Teacher Supplies > Physical Education & Recreation > Outdoor Games || Furniture > Daycare & Nursery > Play & Rest Mats || Gift Shop > Game Room & Toys > Game Room > Pool Tables & Accessories || School Supplies > Teacher Supplies > Physical Education & Recreation > Playground Equipment || Expanded Assortment > Outdoors & Recreation || Gift Shop > Game Room & Toys || Facilities > Grounds Maintenance > Outdoor Tools || Facilities > Grounds Maintenance > Outdoor Tools > Lawn & Garden Tools || School Supplies > Learning at Home > Pretend Play || School Supplies > Teacher Supplies > Physical Education & Recreation > Riding Toys & Wagons || School Supplies > Learning at Home > Educational & STEM Toys || School Supplies > Teacher Supplies > Games, Puzzles & Toys",,,
Wayfair,Outdoor > Outdoor Fencing & Flooring > Porch & Stair Railings,Outdoor > Outdoor Fencing & Flooring > Porch & Stair Railings,True,Porch & Stair Railings,verification loop,"Furniture > Decor > Home & Office Decor > Indoor Fireplaces || Gift Shop > Professional Gifts > Compasses > Patio Furniture || Facilities > Floor Mats & Flooring || Gift Shop > Professional Gifts > Compasses > Outdoor Furniture Covers || Furniture > Lamps & Lighting > Outdoor Lighting || Healthcare Supplies > Durable Medical Equipment > Shower & Bath Aids > Shower Chairs / Benches || Facilities > Floor Mats & Flooring > Commercial Floor Mats || Gift Shop > Professional Gifts > Compasses > Outdoor Decor || Facilities > Hardware > Ceiling > Ceiling Tiles || Facilities > Grounds Maintenance > Outdoor Tools > Lawn & Garden Tools || Shipping, Packing & Mailing Supplies > Mailing Supplies || Shipping, Packing & Mailing Supplies > Mailing Supplies > Mailing Tubes",,,
Wayfair,Home Improvement > Outdoor Remodel > Porch & Stair Railings,Home Improvement > Outdoor Remodel > Porch & Stair Railings,True,Porch & Stair Railings,verification loop,"Furniture > Decor > Home & Office Decor > Indoor Fireplaces || Gift Shop > Professional Gifts > Compasses > Patio Furniture || Facilities > Bathroom Fixtures || Furniture > Decor > Home & Office Decor || Furniture > Decor > Seasonal Decor > Window & Wall Decor & Signs || Furniture > Lamps & Lighting > Outdoor Lighting || Facilities > Plumbing > Bathroom Hardware || Facilities > Floor Mats & Flooring || Furniture > Lamps & Lighting > Ceiling Lighting || Healthcare Supplies > Durable Medical Equipment > Shower & Bath Aids > Shower Chairs / Benches || Shipping, Packing & Mailing Supplies > Mailing Supplies || Shipping, Packing & Mailing Supplies > Mailing Supplies > Mailing Tubes",,,
Wayfair,Outdoor > Camping & Hiking > Coolers,Outdoor > Camping & Hiking > Coolers,True,Coolers,verification loop,"Gift Shop > Professional Gifts > Compasses > Camping || Gift Shop > Professional Gifts > Compasses > Outdoor Heaters || Expanded Assortment > Outdoors & Recreation || Gift Shop > Professional Gifts > Compasses > Water Recreation || Gift Shop > Professional Gifts > Compasses > Outdoor Furniture Covers || Gift Shop > Professional Gifts > Compasses > Outdoor Decor || Coffee, Water & Snacks > Water & Beverages > Water Bottles, Tumblers & Travel Mugs || Gift Shop > Table Tents || Gift Shop > Game Room & Toys > Game Room > Tailgating Supplies || Facilities > Grounds Maintenance > Outdoor Tools || Facilities > Heating & Cooling || Computers & Accessories > Computer Accessories & Peripherals > Laptop Cooling Pads",,,
Wayfair,Outdoor > Garden > Greenhouses,Outdoor > Garden > Greenhouses,True,Greenhouses & Accessories,verification loop,Facilities > Grounds Maintenance > Outdoor Tools > Lawn & Garden Tools || Furniture > Decor > Wall Art > Garden Landscape || Furniture > Decor > Artificial Plants & Flowers || Facilities > Grounds Maintenance > Watering Equipment > Lawn Sprinklers || Furniture > Decor > Home & Office Decor > Indoor Fireplaces || Gift Shop > Professional Gifts > Compasses > Patio Furniture || Facilities > Grounds Maintenance > Outdoor Tools || Furniture > Decor > Artificial Plants & Flowers > Artificial Plants || Gift Shop > Professional Gifts > Compasses > Outdoor Decor || Facilities > Grounds Maintenance > Watering Equipment || School Supplies > Learning at Home > Pretend Play > Dolls & Dollhouses || Facilities > Electrical and Wiring > Electrical > Fuses,,,
Wayfair,Outdoor > Front Door Décor & Curb Appeal > Shutters,Outdoor > Front Door Décor & Curb Appeal > Shutters,True,Shutters,verification loop,"Furniture > Decor > Seasonal Decor > Window & Wall Decor & Signs || Retail Store Supplies > Store Fixtures & Retail Displays > Floor & Wall Mirrors || Furniture > Decor > Curtains, Blinds & Shades || Gift Shop > Professional Gifts > Compasses > Patio Furniture || Furniture > Decor > Home & Office Decor > Accent Room Dividers || Furniture > Decor > Home & Office Decor > Living Room Accents || Facilities > Hardware > Door Hardware > Door Stops & Bumpers || Furniture > Decor > Shower Curtains & Accessories || Facilities > Hardware > Door Hardware > Door Strips || Facilities > Hardware > Ceiling || Office Supplies > Scissors, Hole Punches & Paper Cutters > Paper Cutters || Tools, Parts & Supplies > Hand Tools > Cutters & Cutter Wheels",,,
Wayfair,Outdoor > Outdoor Shades > Shutters,Outdoor > Outdoor Shades > Shutters,True,Shutters,verification loop,"Furniture > Decor > Curtains, Blinds & Shades || Furniture > Lamps & Lighting > Outdoor Lighting || Furniture > Decor > Shower Curtains & Accessories || Gift Shop > Professional Gifts > Compasses > Patio Furniture || Furniture > Decor > Home & Office Decor > Indoor Fireplaces || Gift Shop > Professional Gifts > Compasses > Outdoor Decor || Furniture > Lamps & Lighting > Lamp Shades || Gift Shop > Professional Gifts > Compasses > Outdoor Furniture Covers || Furniture > Lamps & Lighting > Ceiling Lighting || Furniture > Decor > Seasonal Decor > Window & Wall Decor & Signs || Office Supplies > Scissors, Hole Punches & Paper Cutters > Paper Cutters || Tools, Parts & Supplies > Hand Tools > Cutters & Cutter Wheels",,,
Wayfair,Home Improvement > Outdoor Remodel > Shutters,Home Improvement > Outdoor Remodel > Shutters,True,Shutters,verification loop,"Furniture > Decor > Home & Office Decor > Indoor Fireplaces || Gift Shop > Professional Gifts > Compasses > Patio Furniture || Furniture > Decor > Curtains, Blinds & Shades || Furniture > Decor > Home & Office Decor || Facilities > Bathroom Fixtures || Furniture > Decor > Seasonal Decor > Window & Wall Decor & Signs || Facilities > Plumbing > Bathroom Hardware || Furniture > Lamps & Lighting > Outdoor Lighting || Furniture > Lamps & Lighting > Ceiling Lighting || Furniture > Decor > Shower Curtains & Accessories || Office Supplies > Scissors, Hole Punches & Paper Cutters > Paper Cutters || Tools, Parts & Supplies > Hand Tools > Cutters & Cutter Wheels",,,
Wayfair,Smallwares > Baking Sheets & Pans > Muffin & Cupcake Pans,Smallwares > Baking Sheets & Pans > Muffin & Cupcake Pans,True,Muffin & Cupcake Pans,verification loop,"Appliances & Kitchenware > Kitchenware > Kitchen Tools > Cake, Cookie & Pastry Decorations || Appliances & Kitchenware > Kitchenware > Kitchen Tools > Pots & Pans || Coffee, Water & Snacks > Plates, Cups & Cutlery || Appliances & Kitchenware > Kitchenware > Kitchen Tools > Skillets & Braising Pans || Appliances & Kitchenware > Kitchenware > Kitchen Accessories > Oven Mitts & Potholders || Appliances & Kitchenware > Kitchenware > Kitchen Accessories > Cookbooks & Recipe Holders || Coffee, Water & Snacks > Snacks & Food > Cookies || Expanded Assortment > Paint & Paint Supplies > Paint Trays & Liners || Restaurant & Foodservice Supplies > Disposable Food Packaging > Food Packaging Wrap > Butcher & Freezer Paper || Restaurant & Foodservice Supplies > Smallwares > Commercial Baking Tools || Tools, Parts & Supplies > Automotive > Oil Drain Pans, Measuring Cans & Funnels || Facilities > Floor Mats & Flooring > Brooms & Dustpans",,,
Wayfair,Outdoor > Garden > Rain Barrels,Outdoor > Garden > Rain Barrels,True,Rain Barrels,verification loop,"Facilities > Grounds Maintenance > Outdoor Tools > Lawn & Garden Tools || Furniture > Decor > Wall Art > Garden Landscape || Facilities > Grounds Maintenance > Watering Equipment > Lawn Sprinklers || Gift Shop > Professional Gifts > Compasses > Patio Furniture || Facilities > Grounds Maintenance > Outdoor Tools || Furniture > Decor > Artificial Plants & Flowers || Gift Shop > Professional Gifts > Compasses > Outdoor Furniture Covers || Furniture > Storage Furniture > Coat Trees, Stands & Hooks || Facilities > Grounds Maintenance > Watering Equipment || Gift Shop > Professional Gifts > Compasses > Outdoor Decor || Furniture > School Furniture > Student Desks & Study Carrels || Safety Supplies > Personal Protective Equipment (PPE) > Workwear & Rainwear > Raincoats & Rainwear",,,
Amazon,Health & Personal Care > Sexual Wellness,Health & Personal Care > Sexual Wellness,False,Sexual Wellness,verification loop,Healthcare Supplies > Personal Care || Healthcare Supplies > Personal Dental Care || Healthcare Supplies > Patient Care > Practice Front Desk Supplies > Personal Care Kits || Healthcare Supplies > Physical Therapy and Rehabilitation Equipment || Healthcare Supplies > Patient Care || Healthcare Supplies > Personal Dental Care > Oral Care || Healthcare Supplies > Personal Care > Baby Care || Healthcare Supplies > Personal Care > Skin Care || Healthcare Supplies > Patient Care > Medical Practice Furniture || School Supplies > Teacher Supplies > Physical Education & Recreation > Physical Education Equipment || Expanded Assortment > Fitness || Fitness,,,
Amazon,"Industrial & Scientific > Test, Measure & Inspect > Calibration","Industrial & Scientific > Test, Measure & Inspect > Calibration",True,Calibration,verification loop,"Safety Supplies > Test Instruments, Meters & Precision Tools || Healthcare Supplies > Patient Care > Diagnostic & Exam Instruments > Testing Kits || Healthcare Supplies > Patient Care > Diagnostic & Exam Instruments > Monitoring Equipment || Facilities > Hand & Power Tools > Measuring & Layout Tools > Inspection Mirrors || Laboratory & Scientific Supplies > Lab Instruments & Equipment > Time & Temperature Instruments || Facilities > Hand & Power Tools > Hand Tools > Testers & Indicators || Laboratory & Scientific Supplies > Lab Instruments & Equipment > Water & Wastewater Testing || Laboratory & Scientific Supplies > Lab Instruments & Equipment || Tools, Parts & Supplies > Chalk Reels & Marking Tools > Temperature Indicators || Facilities > Hand & Power Tools > Measuring & Layout Tools || School Supplies > Teacher Supplies > Teacher Resources > Hall Passes & Library Cards || Laboratory & Scientific Supplies > Lab Instruments & Equipment > Filtration Products",,,
Amazon,"Patio, Lawn & Garden > Outdoor Décor > Chimes","Patio, Lawn & Garden > Outdoor Décor > Chimes",True,Chimes,verification loop,"Gift Shop > Professional Gifts > Compasses > Outdoor Decor || Gift Shop > Professional Gifts > Compasses > Patio Furniture || Party Supplies > Party Décor || Furniture > Decor > Seasonal Decor > Window & Wall Decor & Signs || Furniture > Lamps & Lighting > Outdoor Lighting || Furniture > Decor > Seasonal Decor > Ornaments & Tree Decor || Furniture > Decor > Home & Office Decor > Indoor Fireplaces || Furniture > Decor > Seasonal Decor > Standing Decor || Gift Shop > Professional Gifts > Compasses > Outdoor Furniture Covers || Furniture > Decor > Home & Office Decor || Coffee, Water & Snacks > Snacks & Food > Chips || Computer Software > PC Games & Accessories > PC Games",,,
Amazon,Health & Personal Care > Vitamins & Dietary Supplements > Minerals,Health & Personal Care > Vitamins & Dietary Supplements > Minerals,True,Minerals,verification loop,Healthcare Supplies > OTC Pharmaceuticals > Medicine & Vitamins > Vitamins & Supplements || Healthcare Supplies > Personal Care > Skin Care > Supplements || Healthcare Supplies > OTC Pharmaceuticals > Medicine & Vitamins || Healthcare Supplies > OTC Pharmaceuticals > Medicine & Vitamins > Probiotics || Healthcare Supplies > OTC Pharmaceuticals > Medicine & Vitamins > Clinical Nutrition || Healthcare Supplies > Patient Care > Feeding Tubes & Nutrients || Healthcare Supplies > OTC Pharmaceuticals > Medicine & Vitamins > Anti-Nausea & Digestive Aids || Healthcare Supplies > Patient Care > Diagnostic & Exam Instruments > Health & Body Weight Scales || Healthcare Supplies > Patient Care > Feeding Tubes & Nutrients > Eating & Drinking Aids || Healthcare Supplies > Patient Care > Feeding Tubes & Nutrients > Food & Beverage Thickeners || Computers & Accessories > Computer Accessories & Peripherals || Facilities > Heating & Cooling > General Purpose Fans,,,
Amazon,"Patio, Lawn & Garden > Outdoor Décor > Flagpole Hardware","Patio, Lawn & Garden > Outdoor Décor > Flagpole Hardware",True,Flagpole Hardware,verification loop,Gift Shop > Professional Gifts > Compasses > Patio Furniture || Gift Shop > Professional Gifts > Compasses > Outdoor Decor || Furniture > Lamps & Lighting > Outdoor Lighting || Gift Shop > Professional Gifts > Compasses > Outdoor Furniture Covers || Party Supplies > Party Décor || Facilities > Grounds Maintenance > Outdoor Tools > Lawn & Garden Tools || Furniture > Decor > Seasonal Decor > Window & Wall Decor & Signs || Facilities > Grounds Maintenance > Outdoor Tools || Furniture > Decor > Home & Office Decor > Indoor Fireplaces || Furniture > Decor > Seasonal Decor > Standing Decor || Facilities > Hardware > Door Hardware || Facilities > Plumbing > Bathroom Hardware,,,
OfficeDepot,Paper > Notebooks & Pads > Telephone Message Pads & Voicemail Log Books,Paper > Notebooks & Pads > Telephone Message Pads & Voicemail Log Books,True,Telephone Message Pads & Voicemail Log Books,verification loop,Paper > Notebooks || Office Supplies > Desk Organizers & Accessories > Desk Pads || Office Supplies > Notebooks & Notepads || Office Supplies > Desk Organizers & Accessories > Letter & Desktop Trays || Computers & Accessories > Computer Accessories & Peripherals > Laptop Cooling Pads || Tablets & iPads > Digital Notebooks & Accessories || Paper > Thermal Fax Paper Rolls || Paper > Easel Pads || Computers & Accessories > Computer Accessories & Peripherals > Laptop Accessories > Laptop Stands & Lap Desks || Office Supplies > Copy & Printer Paper || Arts & Crafts > Sketch Pads & Books || Arts & Crafts > Coloring Books,,,
Amazon,Home & Kitchen > Seasonal Décor > Candleholders,Home & Kitchen > Seasonal Décor > Candleholders,True,Candleholders,verification loop,Party Supplies > Party Décor || Furniture > Decor > Seasonal Decor || Furniture > Decor > Seasonal Decor > Holiday Lighting || Furniture > Decor > Home & Office Decor || Furniture > Decor > Seasonal Decor > Window & Wall Decor & Signs || Furniture > Decor > Seasonal Decor > Standing Decor || Furniture > Decor > Seasonal Decor > Ornaments & Tree Decor || Gift Shop > Professional Gifts > Compasses > Outdoor Decor || Furniture > Decor > Home & Office Decor > Living Room Accents || Furniture > Decor > Wall Art > Food & Kitchen Art || Furniture > Decor > Candles || Furniture > Desks > CPU Holders & Mounts,,,
Amazon,Industrial & Scientific > Industrial Hardware > Lock Bolts,Industrial & Scientific > Industrial Hardware > Lock Bolts,True,Lock Bolts,verification loop,"Facilities > Hardware > Door Hardware || Tools, Parts & Supplies > Measuring & Leveling Tools > Industrial Tape || Facilities > Locks & Key Control > Locking Systems || Facilities > Hardware > Fasteners || Tools, Parts & Supplies > Hardware || Tools, Parts & Supplies > Hand Tools > Electrical Tools: Wire Pulling Grips || Facilities > Plumbing > Bathroom Hardware > Bathroom Safety Hardware || Office Supplies > Tape, Fasteners & Adhesives > Mounting > Hook and Loop Fasteners || Tools, Parts & Supplies > Hand Tools > Electrical Tools, Meters & Fish Tape || Tools, Parts & Supplies > Power Tools > Hydraulic Drivers & Punch Kits || Smart Home & Security > Smart Locks || Computers & Accessories > Computer Accessories & Peripherals > Laptop Accessories > Laptop Locks",,,
Amazon,"Patio, Lawn & Garden > Grills & Outdoor Cooking > Fuel & Firestarters","Patio, Lawn & Garden > Grills & Outdoor Cooking > Fuel & Firestarters",True,Fuel & Firestarters,verification loop,"Gift Shop > Professional Gifts > Compasses > Outdoor Heaters || Appliances & Kitchenware > Kitchenware > Kitchen Tools > Grilling Products || Furniture > Decor > Home & Office Decor > Indoor Fireplaces || Appliances & Kitchenware > Small Appliances > Griddles, Grills & Waffle Makers || Appliances & Kitchenware > Kitchenware > Kitchen Tools > Cooking Utensils || Facilities > Heating & Cooling > Heaters || Facilities > Grounds Maintenance > Outdoor Tools || Arts & Crafts > Charcoal || Furniture > Lamps & Lighting > Outdoor Lighting || Gift Shop > Professional Gifts > Compasses > Patio Furniture || Office Supplies > Desk Organizers & Accessories > File Sorters || Safety Supplies > Fire Protection",,,
Amazon,Sports & Outdoors > Sports & Fitness > Australian Rules Football,Sports & Outdoors > Sports & Fitness > Australian Rules Football,True,Australian Rules Football,verification loop,"Fitness > Fitness Equipment || Expanded Assortment > Fitness || Furniture > Decor > Wall Art > Sports Art || School Supplies > Teacher Supplies > Physical Education & Recreation > Outdoor Games || Fitness || Fitness > Fitness Equipment > Fitness Machines > Fitness Machines || Fitness > Fitness Equipment > Fitness Machines || Gift Shop > Game Room & Toys > Game Room > Sports Displays & Collectibles || School Supplies > Teacher Supplies > Physical Education & Recreation > Sporting Goods || School Supplies > Teacher Supplies > Physical Education & Recreation || Tools, Parts & Supplies > Measuring & Leveling Tools > Ruler || Retail Store Supplies > Sewing & Tailoring > Sewing Rulers",,,
Amazon,Industrial & Scientific > Power Transmission Products > Springs,Industrial & Scientific > Power Transmission Products > Springs,True,Springs,verification loop,"Computers & Accessories > Computer Parts & Components > Power Supplies || Tools, Parts & Supplies > Power Tools > Hydraulic Drivers & Punch Kits || Batteries & Power > Power Management > Power Distribution Units || Safety Supplies > Fall Protection Kits, Parts & Accessories || Tools, Parts & Supplies > Power Tools || Facilities > Hand & Power Tools > Power Tools || Facilities > Hand & Power Tools || Batteries & Power > Power Management || Batteries & Power > Power Management > Surge Protectors & Power Strips || Tools, Parts & Supplies > Hand Tools > Electrical Tools, Meters & Fish Tape || Wearable Technology > Smart Rings || Gift Shop > Home, Personal & Travel > Key Chains & Rings",,,
Amazon,Industrial & Scientific > Raw Materials > Cork,Industrial & Scientific > Raw Materials > Cork,True,Cork,verification loop,"Laboratory & Scientific Supplies > Lab Furniture & Fixtures > Hazardous Material Lab Storage || Laboratory & Scientific Supplies > Lab Safety > Material Handling & Storage || Tools, Parts & Supplies > Steel Wool || Healthcare Supplies > Professional Dental Supplies > Impression Material & Accessories || Tools, Parts & Supplies > Non Woven Roll Abrasive Parts & Accessories || Tools, Parts & Supplies > Measuring & Leveling Tools > Industrial Tape || Tools, Parts & Supplies > Non Woven Pad Abrasives || Laboratory & Scientific Supplies > Educational Materials & Accessories || Coffee, Water & Snacks > Paper Products || Tools, Parts & Supplies > Non Woven Disc Abrasives || Facilities > Work Lights || Safety Supplies > Personal Protective Equipment (PPE) > Gloves & Hand Protection > Work Gloves",,,
Amazon,Sports & Outdoors > Sports & Fitness > Golf,Sports & Outdoors > Sports & Fitness > Golf,True,Golf,verification loop,"Fitness > Fitness Equipment || Expanded Assortment > Fitness || Fitness || Fitness > Fitness Equipment > Fitness Machines || Fitness > Fitness Equipment > Fitness Machines > Fitness Machines || Furniture > Decor > Wall Art > Sports Art || School Supplies > Teacher Supplies > Physical Education & Recreation > Outdoor Games || Expanded Assortment > Outdoors & Recreation || Gift Shop > Game Room & Toys > Game Room > Sports Displays & Collectibles || School Supplies > Teacher Supplies > Physical Education & Recreation > Playground Equipment || Coffee, Water & Snacks > Snacks & Food > Fresh, Frozen & Dry Groceries > Dry Goods || School Supplies > Teacher Supplies > Physical Education & Recreation > Sporting Goods",,,
Amazon,Health & Personal Care > Vision Care > Computer Blue Light Blocking Glasses,Health & Personal Care > Vision Care > Computer Blue Light Blocking Glasses,True,Computer Blue Light Blocking Glasses,verification loop,Healthcare Supplies > Patient Care > Practice Front Desk Supplies > Personal Care Kits || Safety Supplies > Personal Protective Equipment (PPE) > Eye Protection || Healthcare Supplies > Personal Care || Healthcare Supplies > Personal Care > Skin Care || Healthcare Supplies > Patient Care > Practice Front Desk Supplies > Medical Take Home Bags || Expanded Assortment > Personal Care & Eyewear || Office Supplies > Writing Supplies & Instruments > Correction & White Out || Healthcare Supplies > Personal Dental Care || Safety Supplies > Personal Protective Equipment (PPE) > Head & Face Protection || Healthcare Supplies > Personal Care > Baby Care || Computers & Accessories > Computer Parts & Components > Computer Cards || Computers & Accessories > Computer Parts & Components > Computer Fans,,,
Amazon,Sports & Outdoors > Sports & Fitness > Hunting & Fishing,Sports & Outdoors > Sports & Fitness > Hunting & Fishing,True,Hunting & Fishing,verification loop,"Expanded Assortment > Outdoors & Recreation || Fitness > Fitness Equipment || Expanded Assortment > Fitness || School Supplies > Teacher Supplies > Physical Education & Recreation > Outdoor Games || Gift Shop > Professional Gifts > Compasses > Water Recreation || Furniture > Decor > Wall Art > Sports Art || Fitness || Fitness > Fitness Equipment > Fitness Machines > Fitness Machines || Fitness > Fitness Equipment > Fitness Machines || School Supplies > Teacher Supplies > Physical Education & Recreation > Sporting Goods || Office Supplies > Tape, Fasteners & Adhesives > Mounting || Tools, Parts & Supplies > Power Tools > Finishing Tools",,,
Amazon,"Appliances > Ranges, Ovens & Cooktops > Cooktops","Appliances > Ranges, Ovens & Cooktops > Cooktops",True,Cooktops,verification loop,"Appliances & Kitchenware > Major Appliances > Dishwashers || Coffee, Water & Snacks > Breakroom Appliances > Toaster Ovens || Appliances & Kitchenware > Major Appliances > Refrigerators || Appliances & Kitchenware > Major Appliances > Freezers || Appliances & Kitchenware > Small Appliances > Griddles, Grills & Waffle Makers || Appliances & Kitchenware > Small Appliances > Microwaves || Appliances & Kitchenware > Small Appliances > Slow Cookers & Roasters || Appliances & Kitchenware > Major Appliances > Washers & Dryers || Laboratory & Scientific Supplies > Lab Instruments & Equipment > Refrigerators, Freezers & Accessories || Appliances & Kitchenware > Major Appliances > Range Hoods || Furniture > Home & Office Tables > Table Components > Table Tops || Computers & Accessories > Laptops",,,
Amazon,Industrial & Scientific > Industrial Hardware > Hinges,Industrial & Scientific > Industrial Hardware > Hinges,True,Hinges,verification loop,"Facilities > Hardware > Door Hardware || Tools, Parts & Supplies > Measuring & Leveling Tools > Industrial Tape || Facilities > Hardware > Fasteners || Tools, Parts & Supplies > Hardware || Facilities > Plumbing > Bathroom Hardware > Bathroom Safety Hardware || Facilities > Locks & Key Control > Locking Systems || Furniture > Cubicle & Panel Systems > Cubicle Accessories & Hardware || Facilities > Plumbing > Bathroom Hardware || Furniture > Storage Furniture > Electronics & Computer Storage Units || Computers & Accessories > Computer Parts & Components || Healthcare Supplies > Patient Care > Diagnostic & Exam Instruments > Syringes || Healthcare Supplies > Patient Care > Feeding Tubes & Nutrients > Feeding Tubes & Syringes",,,
Amazon,"Patio, Lawn & Garden > Outdoor Décor > Backyard Birding & Wildlife","Patio, Lawn & Garden > Outdoor Décor > Backyard Birding & Wildlife",True,Backyard Birding & Wildlife,verification loop,Gift Shop > Professional Gifts > Compasses > Outdoor Decor || Furniture > Decor > Wall Art > Garden Landscape || Expanded Assortment > Outdoors & Recreation || Facilities > Grounds Maintenance > Outdoor Tools > Lawn & Garden Tools || Facilities > Grounds Maintenance > Outdoor Tools || Gift Shop > Professional Gifts > Compasses > Patio Furniture || Gift Shop > Professional Gifts > Compasses > Outdoor Furniture Covers || Furniture > Lamps & Lighting > Outdoor Lighting || Furniture > Decor > Home & Office Decor > Indoor Fireplaces || Party Supplies > Party Décor || Expanded Assortment > Pet Supplies & Accessories > Bird Supplies || Safety Supplies > Personal Protective Equipment (PPE) > Life Vests,,,
Amazon,Sports & Outdoors > Sports & Fitness > Boating & Sailing,Sports & Outdoors > Sports & Fitness > Boating & Sailing,True,Boating & Sailing,verification loop,"Fitness > Fitness Equipment || Expanded Assortment > Outdoors & Recreation || Expanded Assortment > Fitness || Fitness || Gift Shop > Professional Gifts > Compasses > Water Recreation || Furniture > Decor > Wall Art > Sports Art || School Supplies > Teacher Supplies > Physical Education & Recreation > Outdoor Games || Fitness > Fitness Equipment > Fitness Machines || Fitness > Fitness Equipment > Fitness Machines > Fitness Machines || School Supplies > Teacher Supplies > Physical Education & Recreation > Playground Equipment || Shipping, Packing & Mailing Supplies > Mailing Supplies || Shipping, Packing & Mailing Supplies > Mailing Supplies > Mailing Tubes",,,
